Symbol,UnderlyingPrice,OptionSymbol,Type,Expiration,DataDate,DaysLeft,Strike,Volume,OpenInterest,IV,Delta,Gamma,Theta,Vega,PurchasePrice,ExpirationPrice,Profit,calliv,putiv,meaniv,callvol,putvol,calloi,putoi
NAVI,14.63,NAVI170616C00002500,call,2017-06-16 00:00:00,2017-06-01 00:00:00,15,2.5,0,0,6.3995,0.9778,0.2785,-3.3449,0.1567,12.4,11.6,-0.47,0.3919,0.3989,0.3954,11,91,17867,35074
NAVI,14.63,NAVI171020P00007500,put,2017-10-20 00:00:00,2017-06-01 00:00:00,141,7.5,0,0,0.8375,-0.0611,1.5863,-0.3255,1.0984,0.25,0.25,0.0,0.3919,0.3989,0.3954,11,91,17867,35074
NAVI,14.63,NAVI171020C00007500,call,2017-10-20 00:00:00,2017-06-01 00:00:00,141,7.5,0,0,0.7505,0.9523,1.4552,-0.2449,0.903,7.3,6.8,-0.37,0.3919,0.3989,0.3954,11,91,17867,35074
NAVI,14.63,NAVI171020P00005000,put,2017-10-20 00:00:00,2017-06-01 00:00:00,141,5.0,0,0,1.1185,-0.0292,0.6533,-0.2392,0.6041,0.15,0.0,-0.15,0.3919,0.3989,0.3954,11,91,17867,35074
NAVI,14.63,NAVI171020C00005000,call,2017-10-20 00:00:00,2017-06-01 00:00:00,141,5.0,0,0,1.1431,0.9691,0.6708,-0.26,0.6339,9.8,9.3,-0.37,0.3919,0.3989,0.3954,11,91,17867,35074
NAVI,14.63,NAVI171020P00002500,put,2017-10-20 00:00:00,2017-06-01 00:00:00,141,2.5,0,1,1.4633,-0.0082,0.1689,-0.106,0.2044,0.05,0.05,0.0,0.3919,0.3989,0.3954,11,91,17867,35074
NAVI,14.63,NAVI171020C00002500,call,2017-10-20 00:00:00,2017-06-01 00:00:00,141,2.5,0,0,1.8547,0.9826,0.2554,-0.259,0.3917,12.3,11.8,-0.37,0.3919,0.3989,0.3954,11,91,17867,35074
NAVI,14.63,NAVI180119C00012500,call,2018-01-19 00:00:00,2017-06-01 00:00:00,232,12.5,0,1478,0.4003,0.7446,6.8831,-0.3288,3.7484,2.76,2.76,0.0,0.3919,0.3989,0.3954,11,91,17867,35074
NAVI,14.63,NAVI170721P00035000,put,2017-07-21 00:00:00,2017-06-01 00:00:00,50,35.0,0,0,1.2913,-0.9436,1.6233,-0.7701,0.6145,20.5,20.4,0.07,0.3919,0.3989,0.3954,11,91,17867,35074
NAVI,14.63,NAVI170721C00035000,call,2017-07-21 00:00:00,2017-06-01 00:00:00,50,35.0,0,0,1.2161,0.0434,1.3988,-0.6069,0.4987,0.1,0.0,-0.1,0.3919,0.3989,0.3954,11,91,17867,35074
NAVI,14.63,NAVI170721P00030000,put,2017-07-21 00:00:00,2017-06-01 00:00:00,50,30.0,0,0,1.1135,-0.9377,2.0349,-0.7198,0.6643,15.5,15.4,0.07,0.3919,0.3989,0.3954,11,91,17867,35074
NAVI,14.63,NAVI170721C00030000,call,2017-07-21 00:00:00,2017-06-01 00:00:00,50,30.0,0,0,1.0471,0.0486,1.7789,-0.5723,0.5461,0.1,0.0,-0.1,0.3919,0.3989,0.3954,11,91,17867,35074
NAVI,14.63,NAVI170721P00025000,put,2017-07-21 00:00:00,2017-06-01 00:00:00,50,25.0,0,0,0.893,-0.9271,2.8632,-0.653,0.7496,10.5,10.4,0.07,0.3919,0.3989,0.3954,11,91,17867,35074
NAVI,14.63,NAVI170721C00025000,call,2017-07-21 00:00:00,2017-06-01 00:00:00,50,25.0,0,5,0.8369,0.0578,2.5516,-0.5246,0.6261,0.1,0.31,0.21,0.3919,0.3989,0.3954,11,91,17867,35074
NAVI,14.63,NAVI170721P00022500,put,2017-07-21 00:00:00,2017-06-01 00:00:00,50,22.5,0,0,0.7587,-0.9179,3.6894,-0.6081,0.8207,8.0,7.9,0.07,0.3919,0.3989,0.3954,11,91,17867,35074
NAVI,14.63,NAVI170721C00022500,call,2017-07-21 00:00:00,2017-06-01 00:00:00,50,22.5,0,4,0.7732,0.0869,3.78,-0.6634,0.8569,0.06,0.06,0.0,0.3919,0.3989,0.3954,11,91,17867,35074
NAVI,14.63,NAVI170721P00020000,put,2017-07-21 00:00:00,2017-06-01 00:00:00,50,20.0,0,0,0.6001,-0.9024,5.3068,-0.5474,0.9335,5.5,5.4,0.07,0.3919,0.3989,0.3954,11,91,17867,35074
NAVI,14.63,NAVI170721C00020000,call,2017-07-21 00:00:00,2017-06-01 00:00:00,50,20.0,0,84,0.4837,0.049,3.8719,-0.2661,0.5491,0.05,0.14,0.09,0.3919,0.3989,0.3954,11,91,17867,35074
NAVI,14.63,NAVI170721P00017500,put,2017-07-21 00:00:00,2017-06-01 00:00:00,50,17.5,0,148,0.4047,-0.8684,9.7374,-0.4569,1.1554,3.0,3.89,0.89,0.3919,0.3989,0.3954,11,91,17867,35074
NAVI,14.63,NAVI170721C00017500,call,2017-07-21 00:00:00,2017-06-01 00:00:00,50,17.5,0,575,0.3716,0.1091,9.291,-0.3771,1.012,0.05,0.05,0.0,0.3919,0.3989,0.3954,11,91,17867,35074
NAVI,14.63,NAVI170721P00015000,put,2017-07-21 00:00:00,2017-06-01 00:00:00,50,15.0,1,1160,0.3681,-0.5449,19.8887,-0.7841,2.1464,1.0,1.05,0.05,0.3919,0.3989,0.3954,11,91,17867,35074
NAVI,14.63,NAVI170721C00015000,call,2017-07-21 00:00:00,2017-06-01 00:00:00,50,15.0,3,954,0.375,0.457,19.5344,-0.8095,2.1475,0.5,0.5,0.0,0.3919,0.3989,0.3954,11,91,17867,35074
NAVI,14.63,NAVI170721P00012500,put,2017-07-21 00:00:00,2017-06-01 00:00:00,50,12.5,0,816,0.4829,-0.1656,9.5162,-0.6489,1.3473,0.25,0.25,0.0,0.3919,0.3989,0.3954,11,91,17867,35074
NAVI,14.63,NAVI170721C00012500,call,2017-07-21 00:00:00,2017-06-01 00:00:00,50,12.5,0,51,0.4944,0.8298,9.4611,-0.6847,1.3713,2.3,2.3,0.0,0.3919,0.3989,0.3954,11,91,17867,35074
NAVI,14.63,NAVI170721P00010000,put,2017-07-21 00:00:00,2017-06-01 00:00:00,50,10.0,0,345,0.778,-0.0712,3.2308,-0.5726,0.7369,0.15,0.25,0.1,0.3919,0.3989,0.3954,11,91,17867,35074
NAVI,14.63,NAVI170721C00010000,call,2017-07-21 00:00:00,2017-06-01 00:00:00,50,10.0,0,0,0.7999,0.9243,3.2925,-0.6237,0.7721,4.8,4.3,-0.37,0.3919,0.3989,0.3954,11,91,17867,35074
NAVI,14.63,NAVI170721P00007500,put,2017-07-21 00:00:00,2017-06-01 00:00:00,50,7.5,0,27,1.1288,-0.0352,1.2706,-0.4743,0.4205,0.05,0.05,0.0,0.3919,0.3989,0.3954,11,91,17867,35074
NAVI,14.63,NAVI170721C00007500,call,2017-07-21 00:00:00,2017-06-01 00:00:00,50,7.5,0,0,1.268,0.9515,1.4671,-0.6961,0.5454,7.3,6.8,-0.37,0.3919,0.3989,0.3954,11,91,17867,35074
NAVI,14.63,NAVI170721P00005000,put,2017-07-21 00:00:00,2017-06-01 00:00:00,50,5.0,0,0,1.7242,-0.0226,0.5759,-0.5017,0.2911,0.1,0.0,-0.1,0.3919,0.3989,0.3954,11,91,17867,35074
NAVI,14.63,NAVI170721C00005000,call,2017-07-21 00:00:00,2017-06-01 00:00:00,50,5.0,0,0,1.9268,0.9687,0.6748,-0.7375,0.3812,9.8,9.3,-0.37,0.3919,0.3989,0.3954,11,91,17867,35074
NAVI,14.63,NAVI171020C00010000,call,2017-10-20 00:00:00,2017-06-01 00:00:00,141,10.0,0,0,0.6027,0.886,3.5195,-0.3803,1.7539,5.0,4.5,-0.5,0.3919,0.3989,0.3954,11,91,17867,35074
NAVI,14.63,NAVI171020P00010000,put,2017-10-20 00:00:00,2017-06-01 00:00:00,141,10.0,0,27,0.5672,-0.1042,3.5047,-0.3294,1.6437,0.3,0.3,0.0,0.3919,0.3989,0.3954,11,91,17867,35074
NAVI,14.63,NAVI171020C00012500,call,2017-10-20 00:00:00,2017-06-01 00:00:00,141,12.5,0,5,0.4278,0.7668,7.8661,-0.4279,2.7824,2.37,2.4,0.03,0.3919,0.3989,0.3954,11,91,17867,35074
NAVI,14.63,NAVI171020P00012500,put,2017-10-20 00:00:00,2017-06-01 00:00:00,141,12.5,0,705,0.425,-0.2323,7.9011,-0.4156,2.7761,0.6,0.65,0.05,0.3919,0.3989,0.3954,11,91,17867,35074
NAVI,14.63,NAVI180119P00010000,put,2018-01-19 00:00:00,2017-06-01 00:00:00,232,10.0,20,11884,0.5292,-0.1321,3.4653,-0.2829,2.4947,0.43,0.5,0.07,0.3919,0.3989,0.3954,11,91,17867,35074
NAVI,14.63,NAVI180119C00010000,call,2018-01-19 00:00:00,2017-06-01 00:00:00,232,10.0,0,221,0.4677,0.8871,3.5123,-0.2307,2.2347,5.0,5.3,0.3,0.3919,0.3989,0.3954,11,91,17867,35074
NAVI,14.63,NAVI180119P00007500,put,2018-01-19 00:00:00,2017-06-01 00:00:00,232,7.5,0,10530,0.7195,-0.0729,1.6508,-0.2496,1.6157,0.25,0.25,0.0,0.3919,0.3989,0.3954,11,91,17867,35074
NAVI,14.63,NAVI180119C00007500,call,2018-01-19 00:00:00,2017-06-01 00:00:00,232,7.5,0,0,0.6592,0.9379,1.592,-0.2072,1.4276,7.4,6.9,-0.47,0.3919,0.3989,0.3954,11,91,17867,35074
NAVI,14.63,NAVI180119P00005000,put,2018-01-19 00:00:00,2017-06-01 00:00:00,232,5.0,0,1120,0.9325,-0.0345,0.7026,-0.1787,0.8913,0.12,0.12,0.0,0.3919,0.3989,0.3954,11,91,17867,35074
NAVI,14.63,NAVI180119C00005000,call,2018-01-19 00:00:00,2017-06-01 00:00:00,232,5.0,0,1,0.8877,0.9695,0.6666,-0.157,0.8051,6.0,9.3,3.43,0.3919,0.3989,0.3954,11,91,17867,35074
NAVI,14.63,NAVI180119P00002500,put,2018-01-19 00:00:00,2017-06-01 00:00:00,232,2.5,0,339,1.4103,-0.0164,0.2483,-0.1445,0.4764,0.15,0.2,0.05,0.3919,0.3989,0.3954,11,91,17867,35074
NAVI,14.63,NAVI180119C00002500,call,2018-01-19 00:00:00,2017-06-01 00:00:00,232,2.5,0,0,1.4435,0.9827,0.2547,-0.157,0.5002,9.9,11.8,2.03,0.3919,0.3989,0.3954,11,91,17867,35074
NAVI,14.63,NAVI180119C00015000,call,2018-01-19 00:00:00,2017-06-01 00:00:00,232,15.0,8,1171,0.3338,0.518,10.2353,-0.3387,4.6484,1.3,1.25,-0.05,0.3919,0.3989,0.3954,11,91,17867,35074
NAVI,14.63,NAVI180119P00015000,put,2018-01-19 00:00:00,2017-06-01 00:00:00,232,15.0,37,426,0.3885,-0.4684,8.7768,-0.3823,4.6385,1.9,2.15,0.25,0.3919,0.3989,0.3954,11,91,17867,35074
NAVI,14.63,NAVI180119C00017500,call,2018-01-19 00:00:00,2017-06-01 00:00:00,232,17.5,0,7189,0.3113,0.2772,9.2256,-0.2645,3.9068,0.4,0.4,0.0,0.3919,0.3989,0.3954,11,91,17867,35074
NAVI,14.63,NAVI180119P00017500,put,2018-01-19 00:00:00,2017-06-01 00:00:00,232,17.5,0,307,0.3864,-0.6636,8.0964,-0.3453,4.2563,2.5,3.6,1.1,0.3919,0.3989,0.3954,11,91,17867,35074
NAVI,14.63,NAVI180119C00020000,call,2018-01-19 00:00:00,2017-06-01 00:00:00,232,20.0,0,3448,0.3064,0.1248,5.7541,-0.1595,2.3986,0.05,0.1,0.05,0.3919,0.3989,0.3954,11,91,17867,35074
NAVI,14.63,NAVI180119P00020000,put,2018-01-19 00:00:00,2017-06-01 00:00:00,232,20.0,0,243,0.4262,-0.772,6.0778,-0.3119,3.524,4.8,5.7,0.9,0.3919,0.3989,0.3954,11,91,17867,35074
NAVI,14.63,NAVI170721P00002500,put,2017-07-21 00:00:00,2017-06-01 00:00:00,50,2.5,0,2,2.7878,-0.0129,0.2206,-0.5024,0.1803,0.05,0.05,0.0,0.3919,0.3989,0.3954,11,91,17867,35074
NAVI,14.63,NAVI180119C00022500,call,2018-01-19 00:00:00,2017-06-01 00:00:00,232,22.5,0,1084,0.3834,0.1056,4.0832,-0.1769,2.1296,0.05,0.05,0.0,0.3919,0.3989,0.3954,11,91,17867,35074
NAVI,14.63,NAVI180119C00025000,call,2018-01-19 00:00:00,2017-06-01 00:00:00,232,25.0,0,717,0.3878,0.0578,2.558,-0.1133,1.3494,0.1,0.2,0.1,0.3919,0.3989,0.3954,11,91,17867,35074
NAVI,14.63,NAVI180119P00025000,put,2018-01-19 00:00:00,2017-06-01 00:00:00,232,25.0,0,100,0.5919,-0.8149,3.8676,-0.3816,3.114,8.3,10.6,2.3,0.3919,0.3989,0.3954,11,91,17867,35074
NAVI,14.63,NAVI171020P00030000,put,2017-10-20 00:00:00,2017-06-01 00:00:00,141,30.0,0,0,0.7515,-0.9035,2.5017,-0.3945,1.5544,15.6,15.5,-0.03,0.3919,0.3989,0.3954,11,91,17867,35074
NAVI,14.63,NAVI171020C00030000,call,2017-10-20 00:00:00,2017-06-01 00:00:00,141,30.0,0,0,0.6712,0.0655,2.0887,-0.2764,1.1591,0.15,0.0,-0.15,0.3919,0.3989,0.3954,11,91,17867,35074
NAVI,14.63,NAVI171020P00025000,put,2017-10-20 00:00:00,2017-06-01 00:00:00,141,25.0,0,0,0.6088,-0.8896,3.4062,-0.354,1.7146,10.6,10.5,-0.03,0.3919,0.3989,0.3954,11,91,17867,35074
NAVI,14.63,NAVI171020C00025000,call,2017-10-20 00:00:00,2017-06-01 00:00:00,141,25.0,0,0,0.498,0.0578,2.556,-0.1864,1.0524,0.1,0.0,-0.1,0.3919,0.3989,0.3954,11,91,17867,35074
NAVI,14.63,NAVI171020P00022500,put,2017-10-20 00:00:00,2017-06-01 00:00:00,141,22.5,0,0,0.5718,-0.8487,4.5108,-0.4183,2.1326,8.2,8.0,-0.13,0.3919,0.3989,0.3954,11,91,17867,35074
NAVI,14.63,NAVI171020C00022500,call,2017-10-20 00:00:00,2017-06-01 00:00:00,141,22.5,0,0,0.4599,0.087,3.7853,-0.2355,1.4392,0.15,0.0,-0.15,0.3919,0.3989,0.3954,11,91,17867,35074
NAVI,14.63,NAVI171020P00020000,put,2017-10-20 00:00:00,2017-06-01 00:00:00,141,20.0,0,0,0.5049,-0.7985,6.1251,-0.4458,2.5568,5.8,5.6,-0.2,0.3919,0.3989,0.3954,11,91,17867,35074
NAVI,14.63,NAVI171020C00020000,call,2017-10-20 00:00:00,2017-06-01 00:00:00,141,20.0,0,22,0.3651,0.1038,5.4318,-0.2132,1.6395,0.15,0.15,0.0,0.3919,0.3989,0.3954,11,91,17867,35074
NAVI,14.63,NAVI171020P00017500,put,2017-10-20 00:00:00,2017-06-01 00:00:00,141,17.5,0,0,0.4313,-0.7021,8.8366,-0.4726,3.1513,3.5,3.3,-0.2,0.3919,0.3989,0.3954,11,91,17867,35074
NAVI,14.63,NAVI171020C00017500,call,2017-10-20 00:00:00,2017-06-01 00:00:00,141,17.5,0,190,0.3308,0.2225,9.9077,-0.3199,2.71,0.3,0.3,0.0,0.3919,0.3989,0.3954,11,91,17867,35074
NAVI,14.63,NAVI171020P00015000,put,2017-10-20 00:00:00,2017-06-01 00:00:00,141,15.0,0,804,0.3863,-0.492,11.3543,-0.4909,3.6268,1.6,1.65,0.05,0.3919,0.3989,0.3954,11,91,17867,35074
NAVI,14.63,NAVI171020C00015000,call,2017-10-20 00:00:00,2017-06-01 00:00:00,141,15.0,0,454,0.3466,0.4985,12.6597,-0.4501,3.6275,0.9,0.9,0.0,0.3919,0.3989,0.3954,11,91,17867,35074
NAVI,14.63,NAVI180119P00022500,put,2018-01-19 00:00:00,2017-06-01 00:00:00,232,22.5,0,43,0.4847,-0.8203,4.6363,-0.3055,3.0572,6.4,8.1,1.7,0.3919,0.3989,0.3954,11,91,17867,35074
NAVI,14.63,NAVI170721C00002500,call,2017-07-21 00:00:00,2017-06-01 00:00:00,50,2.5,0,0,3.1204,0.9825,0.2562,-0.7328,0.2344,12.3,11.8,-0.37,0.3919,0.3989,0.3954,11,91,17867,35074
NAVI,14.63,NAVI180119P00012500,put,2018-01-19 00:00:00,2017-06-01 00:00:00,232,12.5,33,5513,0.4268,-0.262,6.5418,-0.3461,3.7981,0.9,0.94,0.04,0.3919,0.3989,0.3954,11,91,17867,35074
NAVI,14.63,NAVI170616P00030000,put,2017-06-16 00:00:00,2017-06-01 00:00:00,15,30.0,0,0,2.4433,-0.8854,2.6728,-4.6588,0.5742,15.7,15.2,-0.13,0.3919,0.3989,0.3954,11,91,17867,35074
NAVI,14.63,NAVI170616C00030000,call,2017-06-16 00:00:00,2017-06-01 00:00:00,15,30.0,0,0,1.709,0.0287,1.2954,-1.1096,0.1947,0.05,0.0,-0.05,0.3919,0.3989,0.3954,11,91,17867,35074
NAVI,14.63,NAVI170616P00025000,put,2017-06-16 00:00:00,2017-06-01 00:00:00,15,25.0,0,0,2.0004,-0.8683,3.598,-4.2055,0.6328,10.7,10.5,-0.13,0.3919,0.3989,0.3954,11,91,17867,35074
NAVI,14.63,NAVI170616C00025000,call,2017-06-16 00:00:00,2017-06-01 00:00:00,15,25.0,0,0,1.3535,0.0347,1.9123,-1.0274,0.2276,0.05,0.0,-0.05,0.3919,0.3989,0.3954,11,91,17867,35074
NAVI,14.63,NAVI170616P00022500,put,2017-06-16 00:00:00,2017-06-01 00:00:00,15,22.5,0,0,1.7277,-0.854,4.4691,-3.897,0.6789,8.2,7.7,-0.13,0.3919,0.3989,0.3954,11,91,17867,35074
NAVI,14.63,NAVI170616C00022500,call,2017-06-16 00:00:00,2017-06-01 00:00:00,15,22.5,0,0,1.1368,0.0398,2.5481,-0.9658,0.2547,0.05,0.0,-0.05,0.3919,0.3989,0.3954,11,91,17867,35074
NAVI,14.63,NAVI170616P00020000,put,2017-06-16 00:00:00,2017-06-01 00:00:00,15,20.0,0,0,1.0872,-0.9046,5.2589,-1.8097,0.5027,5.5,5.4,0.07,0.3919,0.3989,0.3954,11,91,17867,35074
NAVI,14.63,NAVI170616P00017500,put,2017-06-16 00:00:00,2017-06-01 00:00:00,15,17.5,0,0,0.7331,-0.8709,9.6858,-1.5154,0.6243,3.0,3.0,0.07,0.3919,0.3989,0.3954,11,91,17867,35074
NAVI,14.63,NAVI170616C00017500,call,2017-06-16 00:00:00,2017-06-01 00:00:00,15,17.5,0,43,0.5745,0.0695,7.8414,-0.7595,0.3961,0.01,0.01,0.0,0.3919,0.3989,0.3954,11,91,17867,35074
NAVI,14.63,NAVI170616P00015000,put,2017-06-16 00:00:00,2017-06-01 00:00:00,15,15.0,0,63,0.3687,-0.6162,34.9326,-1.3856,1.1324,0.65,0.65,0.0,0.3919,0.3989,0.3954,11,91,17867,35074
NAVI,14.63,NAVI170616C00020000,call,2017-06-16 00:00:00,2017-06-01 00:00:00,15,20.0,0,0,0.8839,0.0489,3.8688,-0.8866,0.3007,0.05,0.0,-0.05,0.3919,0.3989,0.3954,11,91,17867,35074
NAVI,14.63,NAVI170616P00012500,put,2017-06-16 00:00:00,2017-06-01 00:00:00,15,12.5,0,471,0.6485,-0.1032,9.3374,-1.1503,0.5324,0.1,0.1,0.0,0.3919,0.3989,0.3954,11,91,17867,35074
NAVI,14.63,NAVI170616C00012500,call,2017-06-16 00:00:00,2017-06-01 00:00:00,15,12.5,0,12,0.6825,0.8864,9.5103,-1.306,0.5707,1.85,1.85,0.08,0.3919,0.3989,0.3954,11,91,17867,35074
NAVI,14.63,NAVI170616P00010000,put,2017-06-16 00:00:00,2017-06-01 00:00:00,15,10.0,0,0,1.1078,-0.0354,2.3718,-0.853,0.231,0.05,0.0,-0.05,0.3919,0.3989,0.3954,11,91,17867,35074
NAVI,14.63,NAVI170616C00010000,call,2017-06-16 00:00:00,2017-06-01 00:00:00,15,10.0,0,0,1.1826,0.9562,2.6469,-1.0917,0.2752,4.7,4.2,-0.27,0.3919,0.3989,0.3954,11,91,17867,35074
NAVI,14.63,NAVI170616P00007500,put,2017-06-16 00:00:00,2017-06-01 00:00:00,15,7.5,0,0,1.8021,-0.0221,0.9858,-0.9384,0.1562,0.05,0.0,-0.05,0.3919,0.3989,0.3954,11,91,17867,35074
NAVI,14.63,NAVI170616C00007500,call,2017-06-16 00:00:00,2017-06-01 00:00:00,15,7.5,0,0,2.6184,0.9363,1.6073,-3.2353,0.37,7.4,6.8,-0.47,0.3919,0.3989,0.3954,11,91,17867,35074
NAVI,14.63,NAVI170616P00005000,put,2017-06-16 00:00:00,2017-06-01 00:00:00,15,5.0,0,0,2.7725,-0.0142,0.4394,-0.9901,0.1071,0.05,0.0,-0.05,0.3919,0.3989,0.3954,11,91,17867,35074
NAVI,14.63,NAVI170616C00005000,call,2017-06-16 00:00:00,2017-06-01 00:00:00,15,5.0,0,0,3.9482,0.9592,0.7474,-3.419,0.2595,9.9,9.1,-0.47,0.3919,0.3989,0.3954,11,91,17867,35074
NAVI,14.63,NAVI170616C00015000,call,2017-06-16 00:00:00,2017-06-01 00:00:00,15,15.0,0,159,0.3407,0.3723,37.4543,-1.2779,1.1218,0.22,0.14,-0.08,0.3919,0.3989,0.3954,11,91,17867,35074
NAVI,14.63,NAVI170616P00002500,put,2017-06-16 00:00:00,2017-06-01 00:00:00,15,2.5,0,0,4.4861,-0.0082,0.1692,-0.9984,0.0667,0.05,0.0,-0.05,0.3919,0.3989,0.3954,11,91,17867,35074
NAVI,14.22,NAVI171020C00010000,call,2017-10-20 00:00:00,2017-06-02 00:00:00,140,10.0,0,0,0.6367,0.8627,3.9176,-0.4451,1.9344,4.7,4.5,-0.2,0.4453,0.4537,0.4495,8,134,17876,35057
NAVI,14.22,NAVI171020P00007500,put,2017-10-20 00:00:00,2017-06-02 00:00:00,140,7.5,0,0,0.8171,-0.0644,1.7486,-0.3226,1.1081,0.25,0.25,0.0,0.4453,0.4537,0.4495,8,134,17876,35057
NAVI,14.22,NAVI171020C00007500,call,2017-10-20 00:00:00,2017-06-02 00:00:00,140,7.5,0,0,0.9189,0.9208,1.8234,-0.4305,1.2994,7.1,6.8,-0.17,0.4453,0.4537,0.4495,8,134,17876,35057
NAVI,14.22,NAVI171020C00002500,call,2017-10-20 00:00:00,2017-06-02 00:00:00,140,2.5,0,0,1.8677,0.9813,0.2776,-0.2697,0.4022,11.9,11.8,0.03,0.4453,0.4537,0.4495,8,134,17876,35057
NAVI,14.22,NAVI171020C00005000,call,2017-10-20 00:00:00,2017-06-02 00:00:00,140,5.0,0,0,1.2787,0.957,0.8112,-0.3702,0.8045,9.5,9.3,-0.07,0.4453,0.4537,0.4495,8,134,17876,35057
NAVI,14.22,NAVI171020P00002500,put,2017-10-20 00:00:00,2017-06-02 00:00:00,140,2.5,0,1,1.6487,-0.0134,0.2369,-0.1782,0.3029,0.05,0.05,0.0,0.4453,0.4537,0.4495,8,134,17876,35057
NAVI,14.22,NAVI171020P00010000,put,2017-10-20 00:00:00,2017-06-02 00:00:00,140,10.0,0,27,0.5716,-0.1202,3.9774,-0.3586,1.7633,0.3,0.3,0.0,0.4453,0.4537,0.4495,8,134,17876,35057
NAVI,14.22,NAVI171020P00005000,put,2017-10-20 00:00:00,2017-06-02 00:00:00,140,5.0,0,0,1.1789,-0.0361,0.7633,-0.2934,0.6979,0.2,0.0,-0.2,0.4453,0.4537,0.4495,8,134,17876,35057
NAVI,14.22,NAVI171020C00012500,call,2017-10-20 00:00:00,2017-06-02 00:00:00,140,12.5,0,5,0.4491,0.7277,8.3942,-0.4744,2.924,2.37,2.4,0.03,0.4453,0.4537,0.4495,8,134,17876,35057
NAVI,14.22,NAVI170721C00030000,call,2017-07-21 00:00:00,2017-06-02 00:00:00,49,30.0,0,0,0.9796,0.0287,1.2865,-0.3422,0.3421,0.05,0.0,-0.05,0.4453,0.4537,0.4495,8,134,17876,35057
NAVI,14.22,NAVI171020C00015000,call,2017-10-20 00:00:00,2017-06-02 00:00:00,140,15.0,0,454,0.3603,0.4509,12.4775,-0.4524,3.4867,0.9,0.9,0.0,0.4453,0.4537,0.4495,8,134,17876,35057
NAVI,14.22,NAVI171020P00015000,put,2017-10-20 00:00:00,2017-06-02 00:00:00,140,15.0,0,804,0.3845,-0.5403,11.7208,-0.4735,3.4954,1.77,1.65,-0.12,0.4453,0.4537,0.4495,8,134,17876,35057
NAVI,14.22,NAVI171020C00017500,call,2017-10-20 00:00:00,2017-06-02 00:00:00,140,17.5,0,190,0.3459,0.1956,9.069,-0.3023,2.4329,0.3,0.3,0.0,0.4453,0.4537,0.4495,8,134,17876,35057
NAVI,14.22,NAVI171020P00017500,put,2017-10-20 00:00:00,2017-06-02 00:00:00,140,17.5,0,0,0.3988,-0.7621,8.8095,-0.3782,2.7249,3.7,3.3,-0.4,0.4453,0.4537,0.4495,8,134,17876,35057
NAVI,14.22,NAVI171020C00020000,call,2017-10-20 00:00:00,2017-06-02 00:00:00,140,20.0,0,22,0.3574,0.077,4.5863,-0.163,1.2714,0.1,0.15,0.05,0.4453,0.4537,0.4495,8,134,17876,35057
NAVI,14.22,NAVI171020P00020000,put,2017-10-20 00:00:00,2017-06-02 00:00:00,140,20.0,0,0,0.4922,-0.8323,5.7866,-0.376,2.2089,6.1,5.6,-0.5,0.4453,0.4537,0.4495,8,134,17876,35057
NAVI,14.22,NAVI171020C00022500,call,2017-10-20 00:00:00,2017-06-02 00:00:00,140,22.5,0,0,0.5503,0.1203,4.1362,-0.3479,1.7652,0.25,0.0,-0.25,0.4453,0.4537,0.4495,8,134,17876,35057
NAVI,14.22,NAVI171020P00022500,put,2017-10-20 00:00:00,2017-06-02 00:00:00,140,22.5,0,0,0.5454,-0.8823,4.1072,-0.324,1.7373,8.5,8.0,-0.43,0.4453,0.4537,0.4495,8,134,17876,35057
NAVI,14.22,NAVI171020P00025000,put,2017-10-20 00:00:00,2017-06-02 00:00:00,140,25.0,0,0,0.6315,-0.8934,3.3062,-0.349,1.6193,11.0,10.5,-0.43,0.4453,0.4537,0.4495,8,134,17876,35057
NAVI,14.22,NAVI171020C00030000,call,2017-10-20 00:00:00,2017-06-02 00:00:00,140,30.0,0,0,0.6474,0.0485,1.7665,-0.2055,0.8869,0.1,0.0,-0.1,0.4453,0.4537,0.4495,8,134,17876,35057
NAVI,14.22,NAVI171020P00012500,put,2017-10-20 00:00:00,2017-06-02 00:00:00,140,12.5,2,705,0.443,-0.2707,8.4871,-0.4582,2.9158,0.65,0.65,0.0,0.4453,0.4537,0.4495,8,134,17876,35057
NAVI,14.22,NAVI171020C00025000,call,2017-10-20 00:00:00,2017-06-02 00:00:00,140,25.0,0,0,0.6031,0.0932,3.1377,-0.3169,1.4676,0.2,0.0,-0.2,0.4453,0.4537,0.4495,8,134,17876,35057
NAVI,14.22,NAVI180119C00020000,call,2018-01-19 00:00:00,2017-06-02 00:00:00,231,20.0,0,3448,0.3494,0.1396,5.6185,-0.1912,2.5124,0.05,0.1,0.05,0.4453,0.4537,0.4495,8,134,17876,35057
NAVI,14.22,NAVI170616P00002500,put,2017-06-16 00:00:00,2017-06-02 00:00:00,14,2.5,0,0,5.6793,-0.017,0.267,-2.3856,0.1176,0.15,0.0,-0.15,0.4453,0.4537,0.4495,8,134,17876,35057
NAVI,14.22,NAVI170616C00010000,call,2017-06-16 00:00:00,2017-06-02 00:00:00,14,10.0,0,0,1.4629,0.9151,3.818,-2.2693,0.433,4.4,4.2,0.03,0.4453,0.4537,0.4495,8,134,17876,35057
NAVI,14.22,NAVI170616P00010000,put,2017-06-16 00:00:00,2017-06-02 00:00:00,14,10.0,0,0,1.0803,-0.0383,2.7663,-0.8939,0.2317,0.05,0.0,-0.05,0.4453,0.4537,0.4495,8,134,17876,35057
NAVI,14.22,NAVI170616C00012500,call,2017-06-16 00:00:00,2017-06-02 00:00:00,14,12.5,0,12,0.6359,0.864,12.3254,-1.3877,0.6076,1.85,1.85,0.08,0.4453,0.4537,0.4495,8,134,17876,35057
NAVI,14.22,NAVI170616P00012500,put,2017-06-16 00:00:00,2017-06-02 00:00:00,14,12.5,0,471,0.5863,-0.1188,12.1642,-1.1571,0.5529,0.1,0.1,0.0,0.4453,0.4537,0.4495,8,134,17876,35057
NAVI,14.22,NAVI170616C00015000,call,2017-06-16 00:00:00,2017-06-02 00:00:00,14,15.0,0,159,0.3788,0.2478,29.9844,-1.1941,0.8806,0.15,0.14,-0.01,0.4453,0.4537,0.4495,8,134,17876,35057
NAVI,14.22,NAVI170616P00015000,put,2017-06-16 00:00:00,2017-06-02 00:00:00,14,15.0,10,63,0.4566,-0.7093,26.9517,-1.549,0.9541,0.65,0.65,0.0,0.4453,0.4537,0.4495,8,134,17876,35057
NAVI,14.22,NAVI170616C00017500,call,2017-06-16 00:00:00,2017-06-02 00:00:00,14,17.5,0,43,0.6699,0.0647,6.7778,-0.843,0.352,0.01,0.01,0.0,0.4453,0.4537,0.4495,8,134,17876,35057
NAVI,14.22,NAVI170616P00017500,put,2017-06-16 00:00:00,2017-06-02 00:00:00,14,17.5,0,0,0.8286,-0.8845,8.4414,-1.5943,0.5422,3.4,3.0,-0.33,0.4453,0.4537,0.4495,8,134,17876,35057
NAVI,14.22,NAVI170616C00020000,call,2017-06-16 00:00:00,2017-06-02 00:00:00,14,20.0,0,0,0.985,0.0473,3.5974,-0.9671,0.2747,0.05,0.0,-0.05,0.4453,0.4537,0.4495,8,134,17876,35057
NAVI,14.22,NAVI170616P00020000,put,2017-06-16 00:00:00,2017-06-02 00:00:00,14,20.0,0,0,1.1845,-0.9122,4.835,-1.866,0.444,5.9,5.4,-0.33,0.4453,0.4537,0.4495,8,134,17876,35057
NAVI,14.22,NAVI170616C00022500,call,2017-06-16 00:00:00,2017-06-02 00:00:00,14,22.5,0,0,1.2444,0.0391,2.4423,-1.0479,0.2356,0.05,0.0,-0.05,0.4453,0.4537,0.4495,8,134,17876,35057
NAVI,14.22,NAVI170616P00022500,put,2017-06-16 00:00:00,2017-06-02 00:00:00,14,22.5,0,0,1.6914,-0.8887,4.0266,-3.1765,0.528,8.5,7.7,-0.43,0.4453,0.4537,0.4495,8,134,17876,35057
NAVI,14.22,NAVI170616C00025000,call,2017-06-16 00:00:00,2017-06-02 00:00:00,14,25.0,0,0,1.4664,0.0343,1.8609,-1.1087,0.2115,0.05,0.0,-0.05,0.4453,0.4537,0.4495,8,134,17876,35057
NAVI,14.22,NAVI180119C00017500,call,2018-01-19 00:00:00,2017-06-02 00:00:00,231,17.5,4,7189,0.3277,0.2547,8.6572,-0.2596,3.6303,0.4,0.4,0.0,0.4453,0.4537,0.4495,8,134,17876,35057
NAVI,14.22,NAVI180119P00017500,put,2018-01-19 00:00:00,2017-06-02 00:00:00,231,17.5,0,307,0.3926,-0.6926,7.9143,-0.3284,3.976,2.5,3.6,1.1,0.4453,0.4537,0.4495,8,134,17876,35057
NAVI,14.22,NAVI171020P00030000,put,2017-10-20 00:00:00,2017-06-02 00:00:00,140,30.0,0,0,0.7732,-0.9062,2.4595,-0.3876,1.475,16.0,15.5,-0.43,0.4453,0.4537,0.4495,8,134,17876,35057
NAVI,14.22,NAVI180119P00020000,put,2018-01-19 00:00:00,2017-06-02 00:00:00,231,20.0,0,243,0.4509,-0.7785,5.8276,-0.3163,3.3626,4.8,5.7,0.9,0.4453,0.4537,0.4495,8,134,17876,35057
NAVI,14.22,NAVI180119C00022500,call,2018-01-19 00:00:00,2017-06-02 00:00:00,231,22.5,0,1084,0.4048,0.104,3.9442,-0.1799,2.0434,0.05,0.05,0.0,0.4453,0.4537,0.4495,8,134,17876,35057
NAVI,14.22,NAVI180119P00022500,put,2018-01-19 00:00:00,2017-06-02 00:00:00,231,22.5,0,43,0.4708,-0.8493,4.3905,-0.2554,2.6454,6.4,8.1,1.7,0.4453,0.4537,0.4495,8,134,17876,35057
NAVI,14.22,NAVI180119C00025000,call,2018-01-19 00:00:00,2017-06-02 00:00:00,231,25.0,0,717,0.4065,0.0572,2.4967,-0.1147,1.2986,0.1,0.2,0.1,0.4453,0.4537,0.4495,8,134,17876,35057
NAVI,14.22,NAVI180119P00025000,put,2018-01-19 00:00:00,2017-06-02 00:00:00,231,25.0,0,100,0.5417,-0.8622,3.5935,-0.2761,2.491,8.3,10.6,2.3,0.4453,0.4537,0.4495,8,134,17876,35057
NAVI,14.22,NAVI170616P00005000,put,2017-06-16 00:00:00,2017-06-02 00:00:00,14,5.0,0,0,2.8122,-0.0149,0.4799,-1.0511,0.1046,0.05,0.0,-0.05,0.4453,0.4537,0.4495,8,134,17876,35057
NAVI,14.22,NAVI170616C00005000,call,2017-06-16 00:00:00,2017-06-02 00:00:00,14,5.0,0,0,4.4243,0.9495,0.8442,-4.5801,0.2896,9.6,9.1,-0.17,0.4453,0.4537,0.4495,8,134,17876,35057
NAVI,14.22,NAVI170616C00002500,call,2017-06-16 00:00:00,2017-06-02 00:00:00,14,2.5,0,0,6.6284,0.9766,0.2994,-3.6449,0.1539,12.0,11.6,-0.07,0.4453,0.4537,0.4495,8,134,17876,35057
NAVI,14.22,NAVI170616P00025000,put,2017-06-16 00:00:00,2017-06-02 00:00:00,14,25.0,0,0,1.9569,-0.8998,3.2246,-3.4044,0.4892,11.0,10.5,-0.43,0.4453,0.4537,0.4495,8,134,17876,35057
NAVI,14.22,NAVI170616C00007500,call,2017-06-16 00:00:00,2017-06-02 00:00:00,14,7.5,0,0,2.6634,0.9316,1.779,-3.5,0.3673,7.0,6.8,-0.07,0.4453,0.4537,0.4495,8,134,17876,35057
NAVI,14.22,NAVI170721C00005000,call,2017-07-21 00:00:00,2017-06-02 00:00:00,49,5.0,0,0,1.9379,0.9662,0.7438,-0.7767,0.3912,9.4,9.3,0.03,0.4453,0.4537,0.4495,8,134,17876,35057
NAVI,14.22,NAVI170721C00015000,call,2017-07-21 00:00:00,2017-06-02 00:00:00,49,15.0,1,955,0.3895,0.3819,18.7926,-0.793,1.9867,0.5,0.5,0.0,0.4453,0.4537,0.4495,8,134,17876,35057
NAVI,14.22,NAVI170721P00012500,put,2017-07-21 00:00:00,2017-06-02 00:00:00,49,12.5,0,816,0.47,-0.2014,11.4807,-0.7002,1.4645,0.25,0.25,0.0,0.4453,0.4537,0.4495,8,134,17876,35057
NAVI,14.22,NAVI170721C00012500,call,2017-07-21 00:00:00,2017-06-02 00:00:00,49,12.5,0,51,0.5203,0.7803,10.9129,-0.8246,1.5412,2.1,2.3,0.2,0.4453,0.4537,0.4495,8,134,17876,35057
NAVI,14.22,NAVI170721P00010000,put,2017-07-21 00:00:00,2017-06-02 00:00:00,49,10.0,0,345,0.745,-0.0767,3.7103,-0.5696,0.7503,0.15,0.25,0.1,0.4453,0.4537,0.4495,8,134,17876,35057
NAVI,14.22,NAVI170721C00010000,call,2017-07-21 00:00:00,2017-06-02 00:00:00,49,10.0,0,0,0.8919,0.8929,3.971,-0.8806,0.9613,4.5,4.3,-0.07,0.4453,0.4537,0.4495,8,134,17876,35057
NAVI,14.22,NAVI170721P00007500,put,2017-07-21 00:00:00,2017-06-02 00:00:00,49,7.5,0,27,1.1047,-0.0372,1.4121,-0.4769,0.4234,0.05,0.05,0.0,0.4453,0.4537,0.4495,8,134,17876,35057
NAVI,14.22,NAVI170721C00007500,call,2017-07-21 00:00:00,2017-06-02 00:00:00,49,7.5,0,0,1.2615,0.947,1.6449,-0.7296,0.5632,6.9,6.8,0.03,0.4453,0.4537,0.4495,8,134,17876,35057
NAVI,14.22,NAVI170721P00015000,put,2017-07-21 00:00:00,2017-06-02 00:00:00,49,15.0,1,1160,0.3769,-0.6237,19.3324,-0.7537,1.9777,1.1,1.05,-0.05,0.4453,0.4537,0.4495,8,134,17876,35057
NAVI,14.22,NAVI170721P00005000,put,2017-07-21 00:00:00,2017-06-02 00:00:00,49,5.0,0,0,1.709,-0.0237,0.6274,-0.5073,0.291,0.1,0.0,-0.1,0.4453,0.4537,0.4495,8,134,17876,35057
NAVI,14.22,NAVI170721P00002500,put,2017-07-21 00:00:00,2017-06-02 00:00:00,49,2.5,0,2,2.7863,-0.0134,0.2371,-0.5097,0.1793,0.05,0.05,0.0,0.4453,0.4537,0.4495,8,134,17876,35057
NAVI,14.22,NAVI170721C00002500,call,2017-07-21 00:00:00,2017-06-02 00:00:00,49,2.5,0,0,3.1631,0.9812,0.2784,-0.7731,0.2391,11.9,11.8,0.03,0.4453,0.4537,0.4495,8,134,17876,35057
NAVI,14.22,NAVI170616C00030000,call,2017-06-16 00:00:00,2017-06-02 00:00:00,14,30.0,0,0,1.8326,0.0287,1.2839,-1.1946,0.1824,0.05,0.0,-0.05,0.4453,0.4537,0.4495,8,134,17876,35057
NAVI,14.22,NAVI170616P00030000,put,2017-06-16 00:00:00,2017-06-02 00:00:00,14,30.0,0,0,2.3903,-0.9132,2.3746,-3.7383,0.44,16.0,15.2,-0.43,0.4453,0.4537,0.4495,8,134,17876,35057
NAVI,14.22,NAVI180119P00012500,put,2018-01-19 00:00:00,2017-06-02 00:00:00,231,12.5,81,5503,0.4501,-0.2934,6.7595,-0.3757,3.8933,0.95,0.94,-0.01,0.4453,0.4537,0.4495,8,134,17876,35057
NAVI,14.22,NAVI180119C00015000,call,2018-01-19 00:00:00,2017-06-02 00:00:00,231,15.0,2,1179,0.3354,0.4758,10.4949,-0.3309,4.5047,1.2,1.25,0.05,0.4453,0.4537,0.4495,8,134,17876,35057
NAVI,14.22,NAVI180119P00015000,put,2018-01-19 00:00:00,2017-06-02 00:00:00,231,15.0,0,439,0.3894,-0.5049,9.055,-0.374,4.5126,1.9,2.15,0.25,0.4453,0.4537,0.4495,8,134,17876,35057
NAVI,14.22,NAVI180119C00012500,call,2018-01-19 00:00:00,2017-06-02 00:00:00,231,12.5,0,1478,0.401,0.7152,7.4815,-0.3384,3.8394,2.7,2.76,0.06,0.4453,0.4537,0.4495,8,134,17876,35057
NAVI,14.22,NAVI170721P00017500,put,2017-07-21 00:00:00,2017-06-02 00:00:00,49,17.5,0,148,0.4465,-0.882,8.4995,-0.4585,1.0301,3.4,3.89,0.49,0.4453,0.4537,0.4495,8,134,17876,35057
NAVI,14.22,NAVI170721C00017500,call,2017-07-21 00:00:00,2017-06-02 00:00:00,49,17.5,1,575,0.4204,0.1023,8.1487,-0.3998,0.9298,0.05,0.05,0.0,0.4453,0.4537,0.4495,8,134,17876,35057
NAVI,14.22,NAVI180119P00010000,put,2018-01-19 00:00:00,2017-06-02 00:00:00,231,10.0,40,11864,0.508,-0.1407,3.8863,-0.2761,2.5266,0.46,0.5,0.04,0.4453,0.4537,0.4495,8,134,17876,35057
NAVI,14.22,NAVI180119P00002500,put,2018-01-19 00:00:00,2017-06-02 00:00:00,231,2.5,0,339,1.284,-0.0134,0.2367,-0.1079,0.389,0.1,0.2,0.1,0.4453,0.4537,0.4495,8,134,17876,35057
NAVI,14.22,NAVI180119C00005000,call,2018-01-19 00:00:00,2017-06-02 00:00:00,231,5.0,0,1,1.166,0.9443,0.8513,-0.3231,1.2702,6.0,9.3,3.43,0.4453,0.4537,0.4495,8,134,17876,35057
NAVI,14.22,NAVI180119P00005000,put,2018-01-19 00:00:00,2017-06-02 00:00:00,231,5.0,0,1120,0.9182,-0.0361,0.7624,-0.1776,0.8958,0.12,0.12,0.0,0.4453,0.4537,0.4495,8,134,17876,35057
NAVI,14.22,NAVI180119C00007500,call,2018-01-19 00:00:00,2017-06-02 00:00:00,231,7.5,0,0,0.875,0.8978,1.8008,-0.3856,2.0164,7.4,6.9,-0.47,0.4453,0.4537,0.4495,8,134,17876,35057
NAVI,14.22,NAVI180119P00007500,put,2018-01-19 00:00:00,2017-06-02 00:00:00,231,7.5,0,10530,0.7021,-0.0767,1.8133,-0.2466,1.6292,0.25,0.25,0.0,0.4453,0.4537,0.4495,8,134,17876,35057
NAVI,14.22,NAVI180119C00010000,call,2018-01-19 00:00:00,2017-06-02 00:00:00,231,10.0,0,221,0.4937,0.8636,3.9144,-0.2695,2.4731,4.7,5.3,0.6,0.4453,0.4537,0.4495,8,134,17876,35057
NAVI,14.22,NAVI170721C00020000,call,2017-07-21 00:00:00,2017-06-02 00:00:00,49,20.0,0,84,0.526,0.0473,3.5998,-0.2764,0.514,0.05,0.14,0.09,0.4453,0.4537,0.4495,8,134,17876,35057
NAVI,14.22,NAVI180119C00002500,call,2018-01-19 00:00:00,2017-06-02 00:00:00,231,2.5,0,0,1.4515,0.9814,0.2769,-0.163,0.5143,9.9,11.8,2.03,0.4453,0.4537,0.4495,8,134,17876,35057
NAVI,14.22,NAVI170721P00035000,put,2017-07-21 00:00:00,2017-06-02 00:00:00,49,35.0,0,0,1.3252,-0.9465,1.5768,-0.7436,0.5672,20.9,20.4,-0.33,0.4453,0.4537,0.4495,8,134,17876,35057
NAVI,14.22,NAVI170721P00030000,put,2017-07-21 00:00:00,2017-06-02 00:00:00,49,30.0,0,0,1.1478,-0.9411,1.9631,-0.6964,0.6116,15.9,15.4,-0.33,0.4453,0.4537,0.4495,8,134,17876,35057
NAVI,14.22,NAVI170616P00007500,put,2017-06-16 00:00:00,2017-06-02 00:00:00,14,7.5,0,0,1.8044,-0.0234,1.1014,-0.993,0.1541,0.05,0.0,-0.05,0.4453,0.4537,0.4495,8,134,17876,35057
NAVI,14.22,NAVI170721P00025000,put,2017-07-21 00:00:00,2017-06-02 00:00:00,49,25.0,0,0,0.9281,-0.9317,2.7258,-0.6339,0.6867,10.9,10.4,-0.33,0.4453,0.4537,0.4495,8,134,17876,35057
NAVI,14.22,NAVI170721C00025000,call,2017-07-21 00:00:00,2017-06-02 00:00:00,49,25.0,0,5,0.8842,0.0572,2.4911,-0.54,0.5979,0.1,0.31,0.21,0.4453,0.4537,0.4495,8,134,17876,35057
NAVI,14.22,NAVI170721P00022500,put,2017-07-21 00:00:00,2017-06-02 00:00:00,49,22.5,0,0,0.795,-0.9234,3.4715,-0.593,0.7491,8.4,7.9,-0.33,0.4453,0.4537,0.4495,8,134,17876,35057
NAVI,14.22,NAVI170721C00022500,call,2017-07-21 00:00:00,2017-06-02 00:00:00,49,22.5,0,4,0.7557,0.0645,3.203,-0.5072,0.657,0.06,0.06,0.0,0.4453,0.4537,0.4495,8,134,17876,35057
NAVI,14.22,NAVI170721P00020000,put,2017-07-21 00:00:00,2017-06-02 00:00:00,49,20.0,0,0,0.6384,-0.9099,4.888,-0.5389,0.847,5.9,5.4,-0.33,0.4453,0.4537,0.4495,8,134,17876,35057
NAVI,14.22,NAVI170721C00035000,call,2017-07-21 00:00:00,2017-06-02 00:00:00,49,35.0,0,0,1.1379,0.0255,1.0029,-0.3599,0.3098,0.05,0.0,-0.05,0.4453,0.4537,0.4495,8,134,17876,35057
NAVI,14.27,NAVI171020C00030000,call,2017-10-20 00:00:00,2017-06-05 00:00:00,137,30.0,0,0,0.5829,0.0287,1.2887,-0.1224,0.5741,0.05,0.0,-0.05,0.4561,0.4535,0.4548,6,77,17881,35085
NAVI,14.27,NAVI171020P00025000,put,2017-10-20 00:00:00,2017-06-05 00:00:00,137,25.0,0,0,0.6645,-0.8793,3.4577,-0.4098,1.7561,11.0,10.5,-0.43,0.4561,0.4535,0.4548,6,77,17881,35085
NAVI,14.27,NAVI171020P00030000,put,2017-10-20 00:00:00,2017-06-05 00:00:00,137,30.0,0,0,0.7418,-0.9201,2.2902,-0.3316,1.2984,15.9,15.5,-0.33,0.4561,0.4535,0.4548,6,77,17881,35085
NAVI,14.27,NAVI171020C00025000,call,2017-10-20 00:00:00,2017-06-05 00:00:00,137,25.0,0,0,0.5255,0.0573,2.5009,-0.1931,1.0044,0.1,0.0,-0.1,0.4561,0.4535,0.4548,6,77,17881,35085
NAVI,14.27,NAVI171020P00010000,put,2017-10-20 00:00:00,2017-06-05 00:00:00,137,10.0,0,27,0.5813,-0.1192,3.9171,-0.3678,1.7402,0.3,0.3,0.0,0.4561,0.4535,0.4548,6,77,17881,35085
NAVI,14.27,NAVI171020C00022500,call,2017-10-20 00:00:00,2017-06-05 00:00:00,137,22.5,0,0,0.3944,0.0392,2.46,-0.1071,0.7416,0.05,0.0,-0.05,0.4561,0.4535,0.4548,6,77,17881,35085
NAVI,14.27,NAVI171020C00010000,call,2017-10-20 00:00:00,2017-06-05 00:00:00,137,10.0,0,0,0.5642,0.8858,3.9169,-0.3533,1.689,4.6,4.5,-0.1,0.4561,0.4535,0.4548,6,77,17881,35085
NAVI,14.27,NAVI171020P00012500,put,2017-10-20 00:00:00,2017-06-05 00:00:00,137,12.5,0,705,0.4524,-0.2677,8.3239,-0.4721,2.8783,0.65,0.65,0.0,0.4561,0.4535,0.4548,6,77,17881,35085
NAVI,14.27,NAVI171020P00007500,put,2017-10-20 00:00:00,2017-06-05 00:00:00,137,7.5,1,0,0.8289,-0.064,1.7277,-0.3304,1.0946,0.25,0.25,0.0,0.4561,0.4535,0.4548,6,77,17881,35085
NAVI,14.27,NAVI171020C00007500,call,2017-10-20 00:00:00,2017-06-05 00:00:00,137,7.5,0,0,0.8921,0.9267,1.7827,-0.3999,1.2154,7.1,6.8,-0.17,0.4561,0.4535,0.4548,6,77,17881,35085
NAVI,14.27,NAVI171020P00005000,put,2017-10-20 00:00:00,2017-06-05 00:00:00,137,5.0,0,0,1.1166,-0.0303,0.7027,-0.244,0.5997,0.15,0.0,-0.15,0.4561,0.4535,0.4548,6,77,17881,35085
NAVI,14.27,NAVI171020C00005000,call,2017-10-20 00:00:00,2017-06-05 00:00:00,137,5.0,0,0,1.2299,0.9616,0.7749,-0.3298,0.7284,9.5,9.3,-0.07,0.4561,0.4535,0.4548,6,77,17881,35085
NAVI,14.27,NAVI171020P00002500,put,2017-10-20 00:00:00,2017-06-05 00:00:00,137,2.5,0,1,1.4694,-0.0085,0.1802,-0.1084,0.2024,0.05,0.05,0.0,0.4561,0.4535,0.4548,6,77,17881,35085
NAVI,14.27,NAVI171020C00002500,call,2017-10-20 00:00:00,2017-06-05 00:00:00,137,2.5,0,0,1.7548,0.9846,0.253,-0.2188,0.3394,11.9,11.8,0.03,0.4561,0.4535,0.4548,6,77,17881,35085
NAVI,14.27,NAVI171020C00012500,call,2017-10-20 00:00:00,2017-06-05 00:00:00,137,12.5,0,5,0.4061,0.7455,9.0354,-0.4213,2.8042,2.37,2.4,0.03,0.4561,0.4535,0.4548,6,77,17881,35085
NAVI,14.27,NAVI171020C00015000,call,2017-10-20 00:00:00,2017-06-05 00:00:00,137,15.0,0,454,0.3577,0.4547,12.6742,-0.4562,3.4652,0.9,0.9,0.0,0.4561,0.4535,0.4548,6,77,17881,35085
NAVI,14.27,NAVI171020P00015000,put,2017-10-20 00:00:00,2017-06-05 00:00:00,137,15.0,4,804,0.3963,-0.532,11.4765,-0.4965,3.4765,1.65,1.65,0.0,0.4561,0.4535,0.4548,6,77,17881,35085
NAVI,14.27,NAVI171020C00017500,call,2017-10-20 00:00:00,2017-06-05 00:00:00,137,17.5,0,190,0.3456,0.1967,9.174,-0.3074,2.4233,0.3,0.3,0.0,0.4561,0.4535,0.4548,6,77,17881,35085
NAVI,14.27,NAVI171020P00017500,put,2017-10-20 00:00:00,2017-06-05 00:00:00,137,17.5,0,0,0.4168,-0.7478,8.7606,-0.4147,2.7908,3.7,3.3,-0.4,0.4561,0.4535,0.4548,6,77,17881,35085
NAVI,14.27,NAVI171020C00020000,call,2017-10-20 00:00:00,2017-06-05 00:00:00,137,20.0,0,22,0.3582,0.0772,4.6201,-0.166,1.2648,0.1,0.15,0.05,0.4561,0.4535,0.4548,6,77,17881,35085
NAVI,14.27,NAVI171020P00020000,put,2017-10-20 00:00:00,2017-06-05 00:00:00,137,20.0,0,0,0.4702,-0.8472,5.7416,-0.3416,2.0632,6.0,5.6,-0.4,0.4561,0.4535,0.4548,6,77,17881,35085
NAVI,14.27,NAVI171020P00022500,put,2017-10-20 00:00:00,2017-06-05 00:00:00,137,22.5,0,0,0.5754,-0.8671,4.27,-0.3801,1.878,8.5,8.0,-0.43,0.4561,0.4535,0.4548,6,77,17881,35085
NAVI,14.27,NAVI180119P00002500,put,2018-01-19 00:00:00,2017-06-05 00:00:00,228,2.5,0,339,1.2939,-0.0133,0.2346,-0.1094,0.3861,0.1,0.2,0.1,0.4561,0.4535,0.4548,6,77,17881,35085
NAVI,14.27,NAVI170721C00007500,call,2017-07-21 00:00:00,2017-06-05 00:00:00,46,7.5,0,0,1.3935,0.9392,1.7045,-0.9277,0.6095,7.0,6.8,-0.07,0.4561,0.4535,0.4548,6,77,17881,35085
NAVI,14.27,NAVI170616C00005000,call,2017-06-16 00:00:00,2017-06-05 00:00:00,11,5.0,0,0,5.1918,0.9468,0.8428,-6.3396,0.2684,9.7,9.1,-0.27,0.4561,0.4535,0.4548,6,77,17881,35085
NAVI,14.27,NAVI170721P00005000,put,2017-07-21 00:00:00,2017-06-05 00:00:00,46,5.0,0,0,1.5549,-0.0148,0.4741,-0.3195,0.1891,0.05,0.0,-0.05,0.4561,0.4535,0.4548,6,77,17881,35085
NAVI,14.27,NAVI170721P00002500,put,2017-07-21 00:00:00,2017-06-05 00:00:00,46,2.5,0,2,2.536,-0.0085,0.1805,-0.3238,0.1175,0.05,0.05,0.0,0.4561,0.4535,0.4548,6,77,17881,35085
NAVI,14.27,NAVI170721C00002500,call,2017-07-21 00:00:00,2017-06-05 00:00:00,46,2.5,0,0,3.0365,0.9844,0.2542,-0.6554,0.1981,11.9,11.8,0.03,0.4561,0.4535,0.4548,6,77,17881,35085
NAVI,14.27,NAVI170616C00002500,call,2017-06-16 00:00:00,2017-06-05 00:00:00,11,2.5,0,0,7.843,0.975,0.3007,-5.1606,0.1446,12.1,11.6,-0.17,0.4561,0.4535,0.4548,6,77,17881,35085
NAVI,14.27,NAVI170616P00002500,put,2017-06-16 00:00:00,2017-06-05 00:00:00,11,2.5,0,0,5.1849,-0.0085,0.1805,-1.3532,0.0574,0.05,0.0,-0.05,0.4561,0.4535,0.4548,6,77,17881,35085
NAVI,14.27,NAVI180119C00002500,call,2018-01-19 00:00:00,2017-06-05 00:00:00,228,2.5,0,0,1.3573,0.9847,0.252,-0.131,0.435,9.9,11.8,2.03,0.4561,0.4535,0.4548,6,77,17881,35085
NAVI,14.27,NAVI170616P00005000,put,2017-06-16 00:00:00,2017-06-05 00:00:00,11,5.0,0,0,3.1799,-0.0148,0.4744,-1.338,0.0925,0.05,0.0,-0.05,0.4561,0.4535,0.4548,6,77,17881,35085
NAVI,14.27,NAVI170616C00007500,call,2017-06-16 00:00:00,2017-06-05 00:00:00,11,7.5,0,0,2.478,0.9565,1.5042,-2.5812,0.2286,6.9,6.8,0.03,0.4561,0.4535,0.4548,6,77,17881,35085
NAVI,14.27,NAVI170616P00007500,put,2017-06-16 00:00:00,2017-06-05 00:00:00,11,7.5,0,0,2.0447,-0.0233,1.0869,-1.2673,0.1363,0.05,0.0,-0.05,0.4561,0.4535,0.4548,6,77,17881,35085
NAVI,14.27,NAVI170616C00010000,call,2017-06-16 00:00:00,2017-06-05 00:00:00,11,10.0,0,0,1.5221,0.9304,3.5481,-2.299,0.3312,4.4,4.2,0.03,0.4561,0.4535,0.4548,6,77,17881,35085
NAVI,14.27,NAVI170616P00010000,put,2017-06-16 00:00:00,2017-06-05 00:00:00,11,10.0,0,0,1.2283,-0.038,2.7144,-1.142,0.2045,0.05,0.0,-0.05,0.4561,0.4535,0.4548,6,77,17881,35085
NAVI,14.27,NAVI170616C00012500,call,2017-06-16 00:00:00,2017-06-05 00:00:00,11,12.5,0,12,0.7301,0.8663,11.9279,-1.7809,0.5342,1.85,1.85,0.08,0.4561,0.4535,0.4548,6,77,17881,35085
NAVI,14.27,NAVI170616P00012500,put,2017-06-16 00:00:00,2017-06-05 00:00:00,11,12.5,0,471,0.6733,-0.1166,11.752,-1.4849,0.4853,0.1,0.1,0.0,0.4561,0.4535,0.4548,6,77,17881,35085
NAVI,14.27,NAVI170616C00015000,call,2017-06-16 00:00:00,2017-06-05 00:00:00,11,15.0,2,159,0.4116,0.2541,31.4422,-1.4883,0.7938,0.14,0.14,0.0,0.4561,0.4535,0.4548,6,77,17881,35085
NAVI,14.27,NAVI170616P00015000,put,2017-06-16 00:00:00,2017-06-05 00:00:00,11,15.0,0,73,0.4379,-0.7315,30.3997,-1.6185,0.8166,0.65,0.65,0.0,0.4561,0.4535,0.4548,6,77,17881,35085
NAVI,14.27,NAVI170616C00017500,call,2017-06-16 00:00:00,2017-06-05 00:00:00,11,17.5,0,43,0.7454,0.0653,6.8905,-1.0685,0.315,0.01,0.01,0.0,0.4561,0.4535,0.4548,6,77,17881,35085
NAVI,14.27,NAVI170616P00017500,put,2017-06-16 00:00:00,2017-06-05 00:00:00,11,17.5,0,0,1.0178,-0.8569,8.9632,-2.5792,0.5595,3.4,3.0,-0.33,0.4561,0.4535,0.4548,6,77,17881,35085
NAVI,14.27,NAVI170616C00020000,call,2017-06-16 00:00:00,2017-06-05 00:00:00,11,20.0,0,0,1.1017,0.0475,3.6285,-1.2289,0.2452,0.05,0.0,-0.05,0.4561,0.4535,0.4548,6,77,17881,35085
NAVI,14.27,NAVI170616P00020000,put,2017-06-16 00:00:00,2017-06-05 00:00:00,11,20.0,0,0,1.44,-0.8898,5.2795,-3.0413,0.4663,5.9,5.4,-0.33,0.4561,0.4535,0.4548,6,77,17881,35085
NAVI,14.27,NAVI170616C00022500,call,2017-06-16 00:00:00,2017-06-05 00:00:00,11,22.5,0,0,1.3947,0.0392,2.4547,-1.3322,0.21,0.05,0.0,-0.05,0.4561,0.4535,0.4548,6,77,17881,35085
NAVI,14.27,NAVI170616P00022500,put,2017-06-16 00:00:00,2017-06-05 00:00:00,11,22.5,0,0,1.7822,-0.9061,3.7958,-3.3486,0.4149,8.4,7.7,-0.33,0.4561,0.4535,0.4548,6,77,17881,35085
NAVI,14.27,NAVI170616C00025000,call,2017-06-16 00:00:00,2017-06-05 00:00:00,11,25.0,0,0,1.6449,0.0343,1.8653,-1.4081,0.1882,0.05,0.0,-0.05,0.4561,0.4535,0.4548,6,77,17881,35085
NAVI,14.27,NAVI170616P00025000,put,2017-06-16 00:00:00,2017-06-05 00:00:00,11,25.0,0,0,2.0721,-0.9161,3.0034,-3.5809,0.3817,10.9,10.5,-0.33,0.4561,0.4535,0.4548,6,77,17881,35085
NAVI,14.27,NAVI170616C00030000,call,2017-06-16 00:00:00,2017-06-05 00:00:00,11,30.0,0,0,2.0592,0.0287,1.286,-1.5214,0.1624,0.05,0.0,-0.05,0.4561,0.4535,0.4548,6,77,17881,35085
NAVI,14.27,NAVI170616P00030000,put,2017-06-16 00:00:00,2017-06-05 00:00:00,11,30.0,0,0,2.5475,-0.9278,2.18,-3.9264,0.3406,15.9,15.2,-0.33,0.4561,0.4535,0.4548,6,77,17881,35085
NAVI,14.27,NAVI180119C00022500,call,2018-01-19 00:00:00,2017-06-05 00:00:00,228,22.5,0,1084,0.3473,0.0648,3.2282,-0.1092,1.4262,0.05,0.05,0.0,0.4561,0.4535,0.4548,6,77,17881,35085
NAVI,14.27,NAVI180119P00022500,put,2018-01-19 00:00:00,2017-06-05 00:00:00,228,22.5,0,43,0.4893,-0.8365,4.4721,-0.2846,2.7835,6.4,8.1,1.7,0.4561,0.4535,0.4548,6,77,17881,35085
NAVI,14.27,NAVI180119C00025000,call,2018-01-19 00:00:00,2017-06-05 00:00:00,228,25.0,0,717,0.407,0.0574,2.5049,-0.1163,1.2969,0.1,0.2,0.1,0.4561,0.4535,0.4548,6,77,17881,35085
NAVI,14.27,NAVI180119P00025000,put,2018-01-19 00:00:00,2017-06-05 00:00:00,228,25.0,0,100,0.5215,-0.8751,3.499,-0.2493,2.3209,8.3,10.6,2.3,0.4561,0.4535,0.4548,6,77,17881,35085
NAVI,14.27,NAVI170721P00007500,put,2017-07-21 00:00:00,2017-06-05 00:00:00,46,7.5,0,27,1.1452,-0.037,1.3946,-0.5097,0.4098,0.05,0.05,0.0,0.4561,0.4535,0.4548,6,77,17881,35085
NAVI,14.27,NAVI170721C00010000,call,2017-07-21 00:00:00,2017-06-05 00:00:00,46,10.0,0,0,0.9787,0.8846,3.9259,-1.0544,0.9859,4.6,4.3,-0.17,0.4561,0.4535,0.4548,6,77,17881,35085
NAVI,14.27,NAVI170721C00005000,call,2017-07-21 00:00:00,2017-06-05 00:00:00,46,5.0,0,0,1.8616,0.9724,0.6725,-0.6531,0.3212,9.4,9.3,0.03,0.4561,0.4535,0.4548,6,77,17881,35085
NAVI,14.27,NAVI170721C00012500,call,2017-07-21 00:00:00,2017-06-05 00:00:00,46,12.5,0,51,0.5445,0.7833,10.6421,-0.8862,1.4868,2.15,2.3,0.15,0.4561,0.4535,0.4548,6,77,17881,35085
NAVI,14.27,NAVI180119C00005000,call,2018-01-19 00:00:00,2017-06-05 00:00:00,228,5.0,0,1,0.9506,0.9619,0.772,-0.1975,0.9335,6.0,9.3,3.43,0.4561,0.4535,0.4548,6,77,17881,35085
NAVI,14.27,NAVI180119P00005000,put,2018-01-19 00:00:00,2017-06-05 00:00:00,228,5.0,0,1120,0.9262,-0.0359,0.7547,-0.1801,0.8892,0.12,0.12,0.0,0.4561,0.4535,0.4548,6,77,17881,35085
NAVI,14.27,NAVI180119C00007500,call,2018-01-19 00:00:00,2017-06-05 00:00:00,228,7.5,0,0,0.689,0.9274,1.7777,-0.2396,1.558,7.1,6.9,-0.17,0.4561,0.4535,0.4548,6,77,17881,35085
NAVI,14.27,NAVI180119P00007500,put,2018-01-19 00:00:00,2017-06-05 00:00:00,228,7.5,0,10530,0.709,-0.0762,1.7923,-0.2503,1.6163,0.25,0.25,0.0,0.4561,0.4535,0.4548,6,77,17881,35085
NAVI,14.27,NAVI180119C00010000,call,2018-01-19 00:00:00,2017-06-05 00:00:00,228,10.0,0,221,0.4791,0.8713,3.8881,-0.2543,2.3696,4.7,5.3,0.6,0.4561,0.4535,0.4548,6,77,17881,35085
NAVI,14.27,NAVI180119P00010000,put,2018-01-19 00:00:00,2017-06-05 00:00:00,228,10.0,30,11864,0.5142,-0.1396,3.8311,-0.2809,2.5058,0.5,0.5,0.0,0.4561,0.4535,0.4548,6,77,17881,35085
NAVI,14.27,NAVI180119C00012500,call,2018-01-19 00:00:00,2017-06-05 00:00:00,228,12.5,0,1478,0.3942,0.721,7.5575,-0.3329,3.7899,2.7,2.76,0.06,0.4561,0.4535,0.4548,6,77,17881,35085
NAVI,14.27,NAVI180119P00012500,put,2018-01-19 00:00:00,2017-06-05 00:00:00,228,12.5,6,5521,0.4438,-0.2886,6.8231,-0.3714,3.852,1.0,0.94,-0.06,0.4561,0.4535,0.4548,6,77,17881,35085
NAVI,14.27,NAVI180119C00015000,call,2018-01-19 00:00:00,2017-06-05 00:00:00,228,15.0,0,1179,0.3323,0.479,10.6313,-0.3313,4.4931,1.2,1.25,0.05,0.4561,0.4535,0.4548,6,77,17881,35085
NAVI,14.27,NAVI180119P00015000,put,2018-01-19 00:00:00,2017-06-05 00:00:00,228,15.0,17,439,0.3864,-0.5022,9.1548,-0.3749,4.4993,2.0,2.15,0.15,0.4561,0.4535,0.4548,6,77,17881,35085
NAVI,14.27,NAVI180119C00017500,call,2018-01-19 00:00:00,2017-06-05 00:00:00,228,17.5,0,7193,0.3123,0.243,8.8841,-0.2438,3.5294,0.4,0.4,0.0,0.4561,0.4535,0.4548,6,77,17881,35085
NAVI,14.27,NAVI170721P00010000,put,2017-07-21 00:00:00,2017-06-05 00:00:00,46,10.0,0,345,0.774,-0.076,3.6462,-0.6085,0.7242,0.15,0.25,0.1,0.4561,0.4535,0.4548,6,77,17881,35085
NAVI,14.27,NAVI180119C00020000,call,2018-01-19 00:00:00,2017-06-05 00:00:00,228,20.0,0,3448,0.3048,0.1013,5.1521,-0.1344,1.9974,0.05,0.1,0.05,0.4561,0.4535,0.4548,6,77,17881,35085
NAVI,14.27,NAVI180119P00020000,put,2018-01-19 00:00:00,2017-06-05 00:00:00,228,20.0,0,243,0.4354,-0.7895,5.8787,-0.2988,3.2554,4.8,5.7,0.9,0.4561,0.4535,0.4548,6,77,17881,35085
NAVI,14.27,NAVI170721P00035000,put,2017-07-21 00:00:00,2017-06-05 00:00:00,46,35.0,0,0,1.4442,-0.9323,1.7889,-1.0174,0.6629,20.9,20.4,-0.33,0.4561,0.4535,0.4548,6,77,17881,35085
NAVI,14.27,NAVI180119P00017500,put,2018-01-19 00:00:00,2017-06-05 00:00:00,228,17.5,0,307,0.3785,-0.701,8.133,-0.3154,3.9152,2.5,3.6,1.1,0.4561,0.4535,0.4548,6,77,17881,35085
NAVI,14.27,NAVI170721P00030000,put,2017-07-21 00:00:00,2017-06-05 00:00:00,46,30.0,0,0,1.2554,-0.9256,2.2123,-0.9527,0.7127,15.9,15.4,-0.33,0.4561,0.4535,0.4548,6,77,17881,35085
NAVI,14.27,NAVI170721P00012500,put,2017-07-21 00:00:00,2017-06-05 00:00:00,46,12.5,5,816,0.4921,-0.1984,11.1777,-0.7529,1.4114,0.25,0.25,0.0,0.4561,0.4535,0.4548,6,77,17881,35085
NAVI,14.27,NAVI170721C00015000,call,2017-07-21 00:00:00,2017-06-05 00:00:00,46,15.0,4,956,0.3662,0.3759,20.4558,-0.7686,1.9222,0.45,0.5,0.05,0.4561,0.4535,0.4548,6,77,17881,35085
NAVI,14.27,NAVI170721C00035000,call,2017-07-21 00:00:00,2017-06-05 00:00:00,46,35.0,0,0,1.1704,0.0255,1.0031,-0.3835,0.3013,0.05,0.0,-0.05,0.4561,0.4535,0.4548,6,77,17881,35085
NAVI,14.27,NAVI170721C00017500,call,2017-07-21 00:00:00,2017-06-05 00:00:00,46,17.5,0,575,0.4282,0.1031,8.2708,-0.424,0.9088,0.05,0.05,0.0,0.4561,0.4535,0.4548,6,77,17881,35085
NAVI,14.27,NAVI170721P00017500,put,2017-07-21 00:00:00,2017-06-05 00:00:00,46,17.5,0,148,0.5009,-0.8547,8.9946,-0.6188,1.156,3.4,3.89,0.49,0.4561,0.4535,0.4548,6,77,17881,35085
NAVI,14.27,NAVI170721C00020000,call,2017-07-21 00:00:00,2017-06-05 00:00:00,46,20.0,0,84,0.5383,0.0475,3.6308,-0.2939,0.5015,0.05,0.14,0.09,0.4561,0.4535,0.4548,6,77,17881,35085
NAVI,14.27,NAVI170721P00015000,put,2017-07-21 00:00:00,2017-06-05 00:00:00,46,15.0,14,1160,0.379,-0.6184,19.8586,-0.7888,1.9312,1.2,1.05,-0.15,0.4561,0.4535,0.4548,6,77,17881,35085
NAVI,14.27,NAVI170721C00022500,call,2017-07-21 00:00:00,2017-06-05 00:00:00,46,22.5,0,4,0.6813,0.0392,2.454,-0.3181,0.429,0.05,0.06,0.01,0.4561,0.4535,0.4548,6,77,17881,35085
NAVI,14.27,NAVI170721P00022500,put,2017-07-21 00:00:00,2017-06-05 00:00:00,46,22.5,0,0,0.8774,-0.9041,3.8293,-0.8077,0.8621,8.4,7.9,-0.33,0.4561,0.4535,0.4548,6,77,17881,35085
NAVI,14.27,NAVI170721C00025000,call,2017-07-21 00:00:00,2017-06-05 00:00:00,46,25.0,0,5,0.8041,0.0343,1.8677,-0.3372,0.3854,0.05,0.31,0.26,0.4561,0.4535,0.4548,6,77,17881,35085
NAVI,14.27,NAVI170721P00025000,put,2017-07-21 00:00:00,2017-06-05 00:00:00,46,25.0,0,0,1.0204,-0.914,3.0362,-0.8655,0.795,10.9,10.4,-0.33,0.4561,0.4535,0.4548,6,77,17881,35085
NAVI,14.27,NAVI170721C00030000,call,2017-07-21 00:00:00,2017-06-05 00:00:00,46,30.0,0,0,1.1257,0.0486,1.7674,-0.6252,0.5105,0.1,0.0,-0.1,0.4561,0.4535,0.4548,6,77,17881,35085
NAVI,14.27,NAVI170721P00020000,put,2017-07-21 00:00:00,2017-06-05 00:00:00,46,20.0,0,0,0.7086,-0.8878,5.3126,-0.7314,0.966,5.9,5.4,-0.33,0.4561,0.4535,0.4548,6,77,17881,35085
NAVI,14.43,NAVI180119P00012500,put,2018-01-19 00:00:00,2017-06-06 00:00:00,227,12.5,1,5526,0.4436,-0.2777,6.6419,-0.3693,3.815,0.94,0.94,0.0,0.4609,0.4398,0.4504,39,114,17883,35110
NAVI,14.43,NAVI180119P00020000,put,2018-01-19 00:00:00,2017-06-06 00:00:00,227,20.0,0,243,0.4136,-0.7976,5.9917,-0.2804,3.2092,4.8,5.7,0.9,0.4609,0.4398,0.4504,39,114,17883,35110
NAVI,14.43,NAVI180119C00020000,call,2018-01-19 00:00:00,2017-06-06 00:00:00,227,20.0,0,3448,0.3203,0.1231,5.5866,-0.1646,2.3174,0.05,0.1,0.05,0.4609,0.4398,0.4504,39,114,17883,35110
NAVI,14.43,NAVI180119P00017500,put,2018-01-19 00:00:00,2017-06-06 00:00:00,227,17.5,0,307,0.382,-0.686,8.1604,-0.3304,4.0372,2.5,3.6,1.1,0.4609,0.4398,0.4504,39,114,17883,35110
NAVI,14.43,NAVI180119C00017500,call,2018-01-19 00:00:00,2017-06-06 00:00:00,227,17.5,13,7193,0.3158,0.2598,9.024,-0.2589,3.6899,0.4,0.4,0.0,0.4609,0.4398,0.4504,39,114,17883,35110
NAVI,14.43,NAVI180119P00015000,put,2018-01-19 00:00:00,2017-06-06 00:00:00,227,15.0,9,456,0.3827,-0.489,9.158,-0.3763,4.5381,2.05,2.15,0.1,0.4609,0.4398,0.4504,39,114,17883,35110
NAVI,14.43,NAVI180119C00015000,call,2018-01-19 00:00:00,2017-06-06 00:00:00,227,15.0,0,1179,0.3379,0.4975,10.3753,-0.3419,4.5397,1.25,1.25,0.0,0.4609,0.4398,0.4504,39,114,17883,35110
NAVI,14.43,NAVI180119C00012500,call,2018-01-19 00:00:00,2017-06-06 00:00:00,227,12.5,0,1478,0.4041,0.7306,7.1814,-0.3398,3.7581,2.76,2.76,0.0,0.4609,0.4398,0.4504,39,114,17883,35110
NAVI,14.43,NAVI180119P00022500,put,2018-01-19 00:00:00,2017-06-06 00:00:00,227,22.5,0,43,0.5646,-0.7798,4.6108,-0.4056,3.3712,6.4,8.1,1.7,0.4609,0.4398,0.4504,39,114,17883,35110
NAVI,14.43,NAVI180119C00010000,call,2018-01-19 00:00:00,2017-06-06 00:00:00,227,10.0,0,221,0.5055,0.8693,3.6909,-0.2743,2.4162,4.9,5.3,0.4,0.4609,0.4398,0.4504,39,114,17883,35110
NAVI,14.43,NAVI180119P00007500,put,2018-01-19 00:00:00,2017-06-06 00:00:00,227,7.5,0,10530,0.718,-0.0747,1.7274,-0.253,1.6061,0.25,0.25,0.0,0.4609,0.4398,0.4504,39,114,17883,35110
NAVI,14.43,NAVI180119C00007500,call,2018-01-19 00:00:00,2017-06-06 00:00:00,227,7.5,0,0,0.6577,0.9363,1.6687,-0.2102,1.4211,7.2,6.9,-0.27,0.4609,0.4398,0.4504,39,114,17883,35110
NAVI,14.43,NAVI180119P00005000,put,2018-01-19 00:00:00,2017-06-06 00:00:00,227,5.0,0,1120,0.9348,-0.0353,0.731,-0.1817,0.8849,0.12,0.12,0.0,0.4609,0.4398,0.4504,39,114,17883,35110
NAVI,14.43,NAVI180119C00005000,call,2018-01-19 00:00:00,2017-06-06 00:00:00,227,5.0,0,1,0.89,0.9688,0.6943,-0.1598,0.8001,6.0,9.3,3.43,0.4609,0.4398,0.4504,39,114,17883,35110
NAVI,14.43,NAVI180119P00002500,put,2018-01-19 00:00:00,2017-06-06 00:00:00,227,2.5,0,339,1.4187,-0.0167,0.257,-0.1473,0.4721,0.15,0.2,0.05,0.4609,0.4398,0.4504,39,114,17883,35110
NAVI,14.43,NAVI180119C00002500,call,2018-01-19 00:00:00,2017-06-06 00:00:00,227,2.5,0,0,1.4519,0.9824,0.2635,-0.1598,0.4954,9.9,11.8,2.03,0.4609,0.4398,0.4504,39,114,17883,35110
NAVI,14.43,NAVI180119P00010000,put,2018-01-19 00:00:00,2017-06-06 00:00:00,227,10.0,0,11869,0.544,-0.1416,3.6241,-0.3041,2.5529,0.5,0.5,0.0,0.4609,0.4398,0.4504,39,114,17883,35110
NAVI,14.43,NAVI180119C00022500,call,2018-01-19 00:00:00,2017-06-06 00:00:00,227,22.5,0,1084,0.3717,0.0864,3.7232,-0.1475,1.7923,0.05,0.05,0.0,0.4609,0.4398,0.4504,39,114,17883,35110
NAVI,14.43,NAVI170721P00020000,put,2017-07-21 00:00:00,2017-06-06 00:00:00,45,20.0,0,0,0.6542,-0.904,5.1373,-0.6143,0.8627,5.7,5.4,-0.13,0.4609,0.4398,0.4504,39,114,17883,35110
NAVI,14.43,NAVI171020C00030000,call,2017-10-20 00:00:00,2017-06-06 00:00:00,136,30.0,0,0,0.6454,0.0486,1.7742,-0.2112,0.8884,0.1,0.0,-0.1,0.4609,0.4398,0.4504,39,114,17883,35110
NAVI,14.43,NAVI170721C00012500,call,2017-07-21 00:00:00,2017-06-06 00:00:00,45,12.5,0,51,0.5316,0.8063,10.1963,-0.8283,1.3913,2.25,2.3,0.05,0.4609,0.4398,0.4504,39,114,17883,35110
NAVI,14.43,NAVI170721P00010000,put,2017-07-21 00:00:00,2017-06-06 00:00:00,45,10.0,0,345,0.7994,-0.0738,3.4524,-0.6284,0.7084,0.15,0.25,0.1,0.4609,0.4398,0.4504,39,114,17883,35110
NAVI,14.43,NAVI170721C00010000,call,2017-07-21 00:00:00,2017-06-06 00:00:00,45,10.0,0,0,0.8228,0.9215,3.517,-0.6852,0.7428,4.6,4.3,-0.17,0.4609,0.4398,0.4504,39,114,17883,35110
NAVI,14.43,NAVI170721P00007500,put,2017-07-21 00:00:00,2017-06-06 00:00:00,45,7.5,0,27,1.1719,-0.0362,1.337,-0.5233,0.4022,0.05,0.05,0.0,0.4609,0.4398,0.4504,39,114,17883,35110
NAVI,14.43,NAVI170721C00007500,call,2017-07-21 00:00:00,2017-06-06 00:00:00,45,7.5,0,0,1.318,0.9501,1.5411,-0.7681,0.5213,7.1,6.8,-0.17,0.4609,0.4398,0.4504,39,114,17883,35110
NAVI,14.43,NAVI170721P00005000,put,2017-07-21 00:00:00,2017-06-06 00:00:00,45,5.0,0,0,2.2175,-0.04,0.7666,-1.0747,0.4364,0.25,0.0,-0.25,0.4609,0.4398,0.4504,39,114,17883,35110
NAVI,14.43,NAVI170721C00005000,call,2017-07-21 00:00:00,2017-06-06 00:00:00,45,5.0,0,0,2.0142,0.968,0.7026,-0.816,0.3632,9.6,9.3,-0.17,0.4609,0.4398,0.4504,39,114,17883,35110
NAVI,14.43,NAVI170721P00002500,put,2017-07-21 00:00:00,2017-06-06 00:00:00,45,2.5,0,2,2.5757,-0.0084,0.1754,-0.3317,0.1159,0.05,0.05,0.0,0.4609,0.4398,0.4504,39,114,17883,35110
NAVI,14.43,NAVI170721C00002500,call,2017-07-21 00:00:00,2017-06-06 00:00:00,45,2.5,0,0,3.273,0.9822,0.2651,-0.8114,0.2227,12.1,11.8,-0.17,0.4609,0.4398,0.4504,39,114,17883,35110
NAVI,14.43,NAVI170616P00030000,put,2017-06-16 00:00:00,2017-06-06 00:00:00,10,30.0,0,0,3.0396,-0.8856,2.6642,-7.0014,0.4617,15.9,15.2,-0.33,0.4609,0.4398,0.4504,39,114,17883,35110
NAVI,14.43,NAVI170616C00030000,call,2017-06-16 00:00:00,2017-06-06 00:00:00,10,30.0,0,0,2.1301,0.0287,1.2901,-1.67,0.1567,0.05,0.0,-0.05,0.4609,0.4398,0.4504,39,114,17883,35110
NAVI,14.43,NAVI170616P00025000,put,2017-06-16 00:00:00,2017-06-06 00:00:00,10,25.0,0,0,2.2869,-0.8967,3.2912,-4.8935,0.4291,10.8,10.5,-0.23,0.4609,0.4398,0.4504,39,114,17883,35110
NAVI,14.43,NAVI170616C00025000,call,2017-06-16 00:00:00,2017-06-06 00:00:00,10,25.0,0,0,1.6953,0.0345,1.8858,-1.5462,0.1823,0.05,0.0,-0.05,0.4609,0.4398,0.4504,39,114,17883,35110
NAVI,14.43,NAVI170616P00022500,put,2017-06-16 00:00:00,2017-06-06 00:00:00,10,22.5,0,0,1.9699,-0.8848,4.1306,-4.5577,0.4639,8.3,7.7,-0.23,0.4609,0.4398,0.4504,39,114,17883,35110
NAVI,14.43,NAVI170616C00022500,call,2017-06-16 00:00:00,2017-06-06 00:00:00,10,22.5,0,0,1.4313,0.0395,2.4943,-1.4578,0.2035,0.05,0.0,-0.05,0.4609,0.4398,0.4504,39,114,17883,35110
NAVI,14.43,NAVI170616P00020000,put,2017-06-16 00:00:00,2017-06-06 00:00:00,10,20.0,0,0,1.3763,-0.9064,5.0857,-2.7351,0.3991,5.7,5.4,-0.13,0.4609,0.4398,0.4504,39,114,17883,35110
NAVI,14.43,NAVI170616C00020000,call,2017-06-16 00:00:00,2017-06-06 00:00:00,10,20.0,0,0,1.123,0.0481,3.7308,-1.3426,0.2389,0.05,0.0,-0.05,0.4609,0.4398,0.4504,39,114,17883,35110
NAVI,14.43,NAVI170616C00002500,call,2017-06-16 00:00:00,2017-06-06 00:00:00,10,2.5,0,0,7.8033,0.9774,0.2879,-5.0011,0.1281,12.2,11.6,-0.27,0.4609,0.4398,0.4504,39,114,17883,35110
NAVI,14.43,NAVI170616P00002500,put,2017-06-16 00:00:00,2017-06-06 00:00:00,10,2.5,0,0,5.4626,-0.0084,0.1753,-1.4917,0.0546,0.05,0.0,-0.05,0.4609,0.4398,0.4504,39,114,17883,35110
NAVI,14.43,NAVI170616C00005000,call,2017-06-16 00:00:00,2017-06-06 00:00:00,10,5.0,0,0,4.7974,0.9584,0.777,-5.1035,0.2125,9.7,9.1,-0.27,0.4609,0.4398,0.4504,39,114,17883,35110
NAVI,14.43,NAVI170616P00005000,put,2017-06-16 00:00:00,2017-06-06 00:00:00,10,5.0,0,0,3.363,-0.0145,0.4586,-1.4793,0.0879,0.05,0.0,-0.05,0.4609,0.4398,0.4504,39,114,17883,35110
NAVI,14.43,NAVI170616C00007500,call,2017-06-16 00:00:00,2017-06-06 00:00:00,10,7.5,0,0,2.803,0.9498,1.5458,-3.4688,0.247,7.1,6.8,-0.17,0.4609,0.4398,0.4504,39,114,17883,35110
NAVI,14.43,NAVI170616P00007500,put,2017-06-16 00:00:00,2017-06-06 00:00:00,10,7.5,0,0,2.1729,-0.0227,1.0405,-1.401,0.1289,0.05,0.0,-0.05,0.4609,0.4398,0.4504,39,114,17883,35110
NAVI,14.43,NAVI170721P00012500,put,2017-07-21 00:00:00,2017-06-06 00:00:00,45,12.5,0,821,0.4826,-0.1752,10.5497,-0.6988,1.3067,0.25,0.25,0.0,0.4609,0.4398,0.4504,39,114,17883,35110
NAVI,14.43,NAVI170616C00010000,call,2017-06-16 00:00:00,2017-06-06 00:00:00,10,10.0,0,0,1.7517,0.9208,3.528,-3.0939,0.3524,4.6,4.2,-0.17,0.4609,0.4398,0.4504,39,114,17883,35110
NAVI,14.43,NAVI170616C00012500,call,2017-06-16 00:00:00,2017-06-06 00:00:00,10,12.5,0,12,0.787,0.8786,10.7303,-1.9028,0.4815,1.85,1.85,0.08,0.4609,0.4398,0.4504,39,114,17883,35110
NAVI,14.43,NAVI170616P00012500,put,2017-06-16 00:00:00,2017-06-06 00:00:00,10,12.5,0,471,0.7462,-0.1103,10.5714,-1.6777,0.4497,0.1,0.1,0.0,0.4609,0.4398,0.4504,39,114,17883,35110
NAVI,14.43,NAVI170616C00015000,call,2017-06-16 00:00:00,2017-06-06 00:00:00,10,15.0,0,157,0.4381,0.3095,33.7014,-1.8481,0.8418,0.14,0.14,0.0,0.4609,0.4398,0.4504,39,114,17883,35110
NAVI,14.43,NAVI170616P00015000,put,2017-06-16 00:00:00,2017-06-06 00:00:00,10,15.0,0,73,0.4154,-0.7013,34.9819,-1.7145,0.8285,0.65,0.65,0.0,0.4609,0.4398,0.4504,39,114,17883,35110
NAVI,14.43,NAVI170616C00017500,call,2017-06-16 00:00:00,2017-06-06 00:00:00,10,17.5,0,43,0.7469,0.067,7.2803,-1.1592,0.31,0.01,0.01,0.0,0.4609,0.4398,0.4504,39,114,17883,35110
NAVI,14.43,NAVI170616P00017500,put,2017-06-16 00:00:00,2017-06-06 00:00:00,10,17.5,0,0,0.9476,-0.8752,9.0876,-2.3166,0.491,3.2,3.0,-0.13,0.4609,0.4398,0.4504,39,114,17883,35110
NAVI,14.43,NAVI170616P00010000,put,2017-06-16 00:00:00,2017-06-06 00:00:00,10,10.0,0,0,1.3191,-0.0368,2.5541,-1.2673,0.1921,0.05,0.0,-0.05,0.4609,0.4398,0.4504,39,114,17883,35110
NAVI,14.43,NAVI171020P00030000,put,2017-10-20 00:00:00,2017-06-06 00:00:00,136,30.0,0,0,0.7772,-0.9038,2.4918,-0.4096,1.5026,15.8,15.5,-0.23,0.4609,0.4398,0.4504,39,114,17883,35110
NAVI,14.43,NAVI170721C00015000,call,2017-07-21 00:00:00,2017-06-06 00:00:00,45,15.0,26,960,0.3891,0.4157,19.7832,-0.8581,1.9759,0.5,0.5,0.0,0.4609,0.4398,0.4504,39,114,17883,35110
NAVI,14.43,NAVI170721C00017500,call,2017-07-21 00:00:00,2017-06-06 00:00:00,45,17.5,0,575,0.4147,0.1056,8.694,-0.4274,0.9254,0.05,0.05,0.0,0.4609,0.4398,0.4504,39,114,17883,35110
NAVI,14.43,NAVI171020P00025000,put,2017-10-20 00:00:00,2017-06-06 00:00:00,136,25.0,0,0,0.6326,-0.8902,3.3694,-0.3684,1.6536,10.8,10.5,-0.23,0.4609,0.4398,0.4504,39,114,17883,35110
NAVI,14.43,NAVI171020C00025000,call,2017-10-20 00:00:00,2017-06-06 00:00:00,136,25.0,0,0,0.4589,0.0345,1.8888,-0.1138,0.6725,0.05,0.0,-0.05,0.4609,0.4398,0.4504,39,114,17883,35110
NAVI,14.43,NAVI171020P00022500,put,2017-10-20 00:00:00,2017-06-06 00:00:00,136,22.5,0,0,0.5964,-0.8498,4.4423,-0.4366,2.0555,8.4,8.0,-0.33,0.4609,0.4398,0.4504,39,114,17883,35110
NAVI,14.43,NAVI171020C00022500,call,2017-10-20 00:00:00,2017-06-06 00:00:00,136,22.5,0,0,0.4807,0.0863,3.7161,-0.2456,1.3857,0.15,0.0,-0.15,0.4609,0.4398,0.4504,39,114,17883,35110
NAVI,14.43,NAVI171020P00020000,put,2017-10-20 00:00:00,2017-06-06 00:00:00,136,20.0,0,0,0.4876,-0.8276,5.9448,-0.391,2.2489,5.9,5.6,-0.3,0.4609,0.4398,0.4504,39,114,17883,35110
NAVI,14.43,NAVI171020C00020000,call,2017-10-20 00:00:00,2017-06-06 00:00:00,136,20.0,0,22,0.3498,0.0782,4.7403,-0.1662,1.2865,0.1,0.15,0.05,0.4609,0.4398,0.4504,39,114,17883,35110
NAVI,14.43,NAVI171020P00017500,put,2017-10-20 00:00:00,2017-06-06 00:00:00,136,17.5,0,0,0.4247,-0.7294,8.8498,-0.4456,2.9157,3.6,3.3,-0.3,0.4609,0.4398,0.4504,39,114,17883,35110
NAVI,14.43,NAVI171020C00017500,call,2017-10-20 00:00:00,2017-06-06 00:00:00,136,17.5,0,190,0.3536,0.2173,9.4385,-0.3386,2.5894,0.3,0.3,0.0,0.4609,0.4398,0.4504,39,114,17883,35110
NAVI,14.43,NAVI171020P00015000,put,2017-10-20 00:00:00,2017-06-06 00:00:00,136,15.0,0,807,0.3931,-0.515,11.5137,-0.5013,3.5114,1.65,1.65,0.0,0.4609,0.4398,0.4504,39,114,17883,35110
NAVI,14.43,NAVI171020C00015000,call,2017-10-20 00:00:00,2017-06-06 00:00:00,136,15.0,0,454,0.3664,0.4772,12.3413,-0.4766,3.5082,0.9,0.9,0.0,0.4609,0.4398,0.4504,39,114,17883,35110
NAVI,14.43,NAVI171020P00012500,put,2017-10-20 00:00:00,2017-06-06 00:00:00,136,12.5,0,705,0.4512,-0.2538,8.061,-0.4651,2.8216,0.65,0.65,0.0,0.4609,0.4398,0.4504,39,114,17883,35110
NAVI,14.43,NAVI171020C00012500,call,2017-10-20 00:00:00,2017-06-06 00:00:00,136,12.5,0,5,0.4364,0.7504,8.2604,-0.4544,2.7967,2.37,2.4,0.03,0.4609,0.4398,0.4504,39,114,17883,35110
NAVI,14.43,NAVI171020P00010000,put,2017-10-20 00:00:00,2017-06-06 00:00:00,136,10.0,0,27,0.5943,-0.1161,3.7325,-0.3747,1.721,0.3,0.3,0.0,0.4609,0.4398,0.4504,39,114,17883,35110
NAVI,14.43,NAVI171020C00010000,call,2017-10-20 00:00:00,2017-06-06 00:00:00,136,10.0,0,0,0.6004,0.8823,3.7318,-0.3892,1.7384,4.8,4.5,-0.3,0.4609,0.4398,0.4504,39,114,17883,35110
NAVI,14.43,NAVI171020P00007500,put,2017-10-20 00:00:00,2017-06-06 00:00:00,136,7.5,0,1,0.8413,-0.0627,1.6628,-0.3349,1.0853,0.25,0.25,0.0,0.4609,0.4398,0.4504,39,114,17883,35110
NAVI,14.43,NAVI171020C00007500,call,2017-10-20 00:00:00,2017-06-06 00:00:00,136,7.5,0,0,0.8532,0.9356,1.6753,-0.3521,1.1089,7.2,6.8,-0.27,0.4609,0.4398,0.4504,39,114,17883,35110
NAVI,14.43,NAVI171020P00005000,put,2017-10-20 00:00:00,2017-06-06 00:00:00,136,5.0,0,0,1.1288,-0.0298,0.6801,-0.2468,0.5956,0.15,0.0,-0.15,0.4609,0.4398,0.4504,39,114,17883,35110
NAVI,14.43,NAVI170721P00017500,put,2017-07-21 00:00:00,2017-06-06 00:00:00,45,17.5,0,133,0.4503,-0.8726,9.1408,-0.5179,1.0566,3.2,3.89,0.69,0.4609,0.4398,0.4504,39,114,17883,35110
NAVI,14.43,NAVI170721C00020000,call,2017-07-21 00:00:00,2017-06-06 00:00:00,45,20.0,0,84,0.5287,0.0481,3.7305,-0.2979,0.5063,0.05,0.14,0.09,0.4609,0.4398,0.4504,39,114,17883,35110
NAVI,14.43,NAVI180119C00025000,call,2018-01-19 00:00:00,2017-06-06 00:00:00,227,25.0,0,717,0.4008,0.0576,2.5277,-0.1163,1.312,0.1,0.2,0.1,0.4609,0.4398,0.4504,39,114,17883,35110
NAVI,14.43,NAVI170721C00022500,call,2017-07-21 00:00:00,2017-06-06 00:00:00,45,22.5,0,4,0.6744,0.0395,2.4977,-0.3244,0.4324,0.05,0.06,0.01,0.4609,0.4398,0.4504,39,114,17883,35110
NAVI,14.43,NAVI170721P00022500,put,2017-07-21 00:00:00,2017-06-06 00:00:00,45,22.5,0,0,0.8198,-0.919,3.6134,-0.678,0.7603,8.2,7.9,-0.13,0.4609,0.4398,0.4504,39,114,17883,35110
NAVI,14.43,NAVI170721C00025000,call,2017-07-21 00:00:00,2017-06-06 00:00:00,45,25.0,0,5,0.9018,0.0575,2.5203,-0.5851,0.5834,0.1,0.31,0.21,0.4609,0.4398,0.4504,39,114,17883,35110
NAVI,14.43,NAVI170721P00015000,put,2017-07-21 00:00:00,2017-06-06 00:00:00,45,15.0,104,1164,0.3813,-0.5871,20.1578,-0.8293,1.9728,1.05,1.05,0.0,0.4609,0.4398,0.4504,39,114,17883,35110
NAVI,14.43,NAVI170721P00025000,put,2017-07-21 00:00:00,2017-06-06 00:00:00,45,25.0,0,0,0.9605,-0.9279,2.8236,-0.7266,0.6962,10.7,10.4,-0.13,0.4609,0.4398,0.4504,39,114,17883,35110
NAVI,14.43,NAVI170721P00030000,put,2017-07-21 00:00:00,2017-06-06 00:00:00,45,30.0,0,0,1.1921,-0.9381,2.0222,-0.7997,0.6188,15.7,15.4,-0.13,0.4609,0.4398,0.4504,39,114,17883,35110
NAVI,14.43,NAVI170721C00035000,call,2017-07-21 00:00:00,2017-06-06 00:00:00,45,35.0,0,0,1.1696,0.0255,1.0026,-0.3914,0.301,0.05,0.0,-0.05,0.4609,0.4398,0.4504,39,114,17883,35110
NAVI,14.43,NAVI170721P00035000,put,2017-07-21 00:00:00,2017-06-06 00:00:00,45,35.0,0,0,1.3786,-0.9438,1.6191,-0.8543,0.573,20.7,20.4,-0.13,0.4609,0.4398,0.4504,39,114,17883,35110
NAVI,14.43,NAVI171020C00002500,call,2017-10-20 00:00:00,2017-06-06 00:00:00,136,2.5,0,0,1.8791,0.9823,0.2643,-0.2676,0.3853,12.1,11.8,-0.17,0.4609,0.4398,0.4504,39,114,17883,35110
NAVI,14.43,NAVI171020P00002500,put,2017-10-20 00:00:00,2017-06-06 00:00:00,136,2.5,0,1,1.6823,-0.0132,0.2283,-0.1841,0.298,0.05,0.05,0.0,0.4609,0.4398,0.4504,39,114,17883,35110
NAVI,14.43,NAVI171020C00005000,call,2017-10-20 00:00:00,2017-06-06 00:00:00,136,5.0,0,0,1.1539,0.9684,0.6983,-0.2682,0.6252,9.6,9.3,-0.17,0.4609,0.4398,0.4504,39,114,17883,35110
NAVI,14.43,NAVI170721C00030000,call,2017-07-21 00:00:00,2017-06-06 00:00:00,45,30.0,0,0,1.1227,0.0486,1.7716,-0.6373,0.5105,0.1,0.0,-0.1,0.4609,0.4398,0.4504,39,114,17883,35110
NAVI,14.43,NAVI180119P00025000,put,2018-01-19 00:00:00,2017-06-06 00:00:00,227,25.0,0,100,0.5759,-0.8363,3.7677,-0.3407,2.8099,8.3,10.6,2.3,0.4609,0.4398,0.4504,39,114,17883,35110
