Symbol,UnderlyingPrice,OptionSymbol,Type,Expiration,DataDate,DaysLeft,Strike,Volume,OpenInterest,IV,Delta,Gamma,Theta,Vega,PurchasePrice,ExpirationPrice,Profit
PSTG,13.24,PSTG170616C00002500,call,2017-06-16 00:00:00,2017-06-01 00:00:00,15,2.5,0,0,6.1264,0.9752,0.3531,-3.1838,0.1558,11.0,10.5,-0.37
PSTG,13.24,PSTG170915P00010000,put,2017-09-15 00:00:00,2017-06-01 00:00:00,106,10.0,0,4212,0.5098,-0.1227,5.5863,-0.3474,1.4498,0.25,0.2,-0.05
PSTG,13.24,PSTG170915C00012500,call,2017-09-15 00:00:00,2017-06-01 00:00:00,106,12.5,156,787,0.4682,0.6395,11.2062,-0.5944,2.6707,1.58,1.57,-0.01
PSTG,13.24,PSTG170915P00012500,put,2017-09-15 00:00:00,2017-06-01 00:00:00,106,12.5,0,69,0.4865,-0.362,10.7988,-0.6097,2.6742,0.96,0.96,0.0
PSTG,13.24,PSTG170915C00015000,call,2017-09-15 00:00:00,2017-06-01 00:00:00,106,15.0,112,701,0.4458,0.3459,11.5941,-0.5561,2.6314,0.63,0.65,0.02
PSTG,13.24,PSTG170915P00015000,put,2017-09-15 00:00:00,2017-06-01 00:00:00,106,15.0,0,0,0.4838,-0.6352,10.8875,-0.6045,2.6814,2.5,2.3,-0.2
PSTG,13.24,PSTG170915C00017500,call,2017-09-15 00:00:00,2017-06-01 00:00:00,106,17.5,0,0,0.4899,0.1783,7.4621,-0.4315,1.861,0.3,0.15,-0.15
PSTG,13.24,PSTG170915P00017500,put,2017-09-15 00:00:00,2017-06-01 00:00:00,106,17.5,0,0,0.6116,-0.7516,7.2582,-0.6418,2.2597,4.8,4.4,-0.4
PSTG,13.24,PSTG170915C00020000,call,2017-09-15 00:00:00,2017-06-01 00:00:00,106,20.0,0,1,0.5265,0.0952,4.5064,-0.3008,1.2078,0.05,0.05,0.0
PSTG,13.24,PSTG170915P00020000,put,2017-09-15 00:00:00,2017-06-01 00:00:00,106,20.0,0,0,0.6023,-0.8657,5.0343,-0.426,1.5436,7.0,6.8,-0.13
PSTG,13.24,PSTG170721P00020000,put,2017-07-21 00:00:00,2017-06-01 00:00:00,50,20.0,0,0,0.8701,-0.8684,5.0039,-0.8971,1.0454,7.0,6.7,-0.13
PSTG,13.24,PSTG170721C00020000,call,2017-07-21 00:00:00,2017-06-01 00:00:00,50,20.0,0,0,0.6126,0.0442,3.1096,-0.2806,0.4574,0.05,0.0,-0.05
PSTG,13.24,PSTG170721P00017500,put,2017-07-21 00:00:00,2017-06-01 00:00:00,50,17.5,0,0,0.6702,-0.8411,7.3737,-0.7847,1.1866,4.5,4.2,-0.13
PSTG,13.24,PSTG170721P00015000,put,2017-07-21 00:00:00,2017-06-01 00:00:00,50,15.0,0,0,0.473,-0.7335,14.1718,-0.7534,1.6096,2.1,1.96,-0.14
PSTG,13.24,PSTG170721C00015000,call,2017-07-21 00:00:00,2017-06-01 00:00:00,50,15.0,31,43,0.4444,0.25,14.5925,-0.6941,1.5571,0.2,0.22,0.02
PSTG,13.24,PSTG170721P00012500,put,2017-07-21 00:00:00,2017-06-01 00:00:00,50,12.5,1,51,0.4316,-0.3292,17.1065,-0.762,1.7729,0.45,0.43,-0.02
PSTG,13.24,PSTG170721C00012500,call,2017-07-21 00:00:00,2017-06-01 00:00:00,50,12.5,129,257,0.4908,0.6589,15.2564,-0.8874,1.7977,1.15,1.05,-0.1
PSTG,13.24,PSTG170721P00010000,put,2017-07-21 00:00:00,2017-06-01 00:00:00,50,10.0,0,133,0.4814,-0.0478,4.22,-0.2344,0.4878,0.05,0.03,-0.02
PSTG,13.24,PSTG170721C00010000,call,2017-07-21 00:00:00,2017-06-01 00:00:00,50,10.0,6,50,0.6401,0.904,5.4309,-0.5402,0.8347,3.3,3.3,0.0
PSTG,13.24,PSTG170721P00007500,put,2017-07-21 00:00:00,2017-06-01 00:00:00,50,7.5,0,0,0.872,-0.0272,1.4683,-0.2679,0.3074,0.05,0.0,-0.05
PSTG,13.24,PSTG170721C00007500,call,2017-07-21 00:00:00,2017-06-01 00:00:00,50,7.5,0,1,1.4118,0.9114,2.3195,-1.1143,0.7863,5.28,5.5,0.35
PSTG,13.24,PSTG170721P00005000,put,2017-07-21 00:00:00,2017-06-01 00:00:00,50,5.0,0,0,1.4114,-0.0167,0.6019,-0.2877,0.204,0.05,0.0,-0.05
PSTG,13.24,PSTG170721C00005000,call,2017-07-21 00:00:00,2017-06-01 00:00:00,50,5.0,0,0,1.7792,0.9647,0.8916,-0.6807,0.3809,8.4,8.0,-0.27
PSTG,13.24,PSTG170721P00002500,put,2017-07-21 00:00:00,2017-06-01 00:00:00,50,2.5,0,0,2.3575,-0.0095,0.2197,-0.2932,0.1244,0.05,0.0,-0.05
PSTG,13.24,PSTG170721C00002500,call,2017-07-21 00:00:00,2017-06-01 00:00:00,50,2.5,0,0,2.9663,0.9807,0.3237,-0.6854,0.2306,10.9,10.5,-0.27
PSTG,13.24,PSTG180119P00017500,put,2018-01-19 00:00:00,2017-06-01 00:00:00,232,17.5,0,0,0.4742,-0.707,6.8718,-0.3612,3.6304,5.0,4.8,-0.2
PSTG,13.24,PSTG170915C00010000,call,2017-09-15 00:00:00,2017-06-01 00:00:00,106,10.0,10,103,0.5767,0.8556,5.5235,-0.4464,1.6215,3.41,3.48,0.07
PSTG,13.24,PSTG180119C00017500,call,2018-01-19 00:00:00,2017-06-01 00:00:00,232,17.5,0,585,0.4693,0.2897,6.9067,-0.3674,3.6115,0.61,0.55,-0.06
PSTG,13.24,PSTG170915P00007500,put,2017-09-15 00:00:00,2017-06-01 00:00:00,106,7.5,0,1,0.5993,-0.0272,1.4669,-0.1262,0.4475,0.05,0.05,0.0
PSTG,13.24,PSTG170915P00005000,put,2017-09-15 00:00:00,2017-06-01 00:00:00,106,5.0,0,0,0.9697,-0.0167,0.6015,-0.1356,0.2969,0.05,0.0,-0.05
PSTG,13.24,PSTG170818P00022500,put,2017-08-18 00:00:00,2017-06-01 00:00:00,78,22.5,0,0,0.9756,-0.8287,4.2584,-0.9591,1.5562,9.7,9.2,-0.33
PSTG,13.24,PSTG170818C00022500,call,2017-08-18 00:00:00,2017-06-01 00:00:00,78,22.5,0,0,0.5978,0.0376,2.2408,-0.1926,0.5017,0.05,0.0,-0.05
PSTG,13.24,PSTG170818P00020000,put,2017-08-18 00:00:00,2017-06-01 00:00:00,78,20.0,0,0,0.6994,-0.867,5.0193,-0.577,1.315,7.0,6.7,-0.13
PSTG,13.24,PSTG170818C00020000,call,2017-08-18 00:00:00,2017-06-01 00:00:00,78,20.0,0,5,0.561,0.0723,4.0082,-0.3035,0.8422,0.1,0.25,0.15
PSTG,13.24,PSTG170818P00017500,put,2017-08-18 00:00:00,2017-06-01 00:00:00,78,17.5,0,0,0.5386,-0.8398,7.386,-0.5039,1.4902,4.5,4.2,-0.13
PSTG,13.24,PSTG170818C00017500,call,2017-08-18 00:00:00,2017-06-01 00:00:00,78,17.5,0,6,0.4651,0.1175,6.9243,-0.3607,1.2063,0.05,0.05,0.0
PSTG,13.24,PSTG170818P00015000,put,2017-08-18 00:00:00,2017-06-01 00:00:00,78,15.0,0,41,0.4514,-0.6884,12.7986,-0.6185,2.1642,2.25,4.5,2.25
PSTG,13.24,PSTG170818C00015000,call,2017-08-18 00:00:00,2017-06-01 00:00:00,78,15.0,153,2588,0.429,0.2989,13.2214,-0.5866,2.1244,0.4,0.4,0.0
PSTG,13.24,PSTG170818P00012500,put,2017-08-18 00:00:00,2017-06-01 00:00:00,78,12.5,20,1086,0.4352,-0.3486,13.8868,-0.6278,2.2636,0.64,0.6,-0.04
PSTG,13.24,PSTG170818C00012500,call,2017-08-18 00:00:00,2017-06-01 00:00:00,78,12.5,10,1943,0.4145,0.655,14.525,-0.6042,2.255,1.33,1.31,-0.02
PSTG,13.24,PSTG170818P00010000,put,2017-08-18 00:00:00,2017-06-01 00:00:00,78,10.0,7,535,0.5064,-0.0937,5.3986,-0.3315,1.024,0.1,0.1,0.0
PSTG,13.24,PSTG170818C00010000,call,2017-08-18 00:00:00,2017-06-01 00:00:00,78,10.0,0,389,0.5979,0.8761,5.5916,-0.4855,1.2522,2.98,3.1,0.15
PSTG,13.24,PSTG170818P00007500,put,2017-08-18 00:00:00,2017-06-01 00:00:00,78,7.5,0,37,0.6985,-0.0272,1.4679,-0.1717,0.3841,0.05,0.05,0.0
PSTG,13.24,PSTG170818C00007500,call,2017-08-18 00:00:00,2017-06-01 00:00:00,78,7.5,0,6,0.8934,0.9434,2.081,-0.4034,0.6964,4.51,5.5,1.12
PSTG,13.24,PSTG170818P00005000,put,2017-08-18 00:00:00,2017-06-01 00:00:00,78,5.0,0,0,1.1299,-0.0167,0.6013,-0.1842,0.2545,0.05,0.0,-0.05
PSTG,13.24,PSTG170818C00005000,call,2017-08-18 00:00:00,2017-06-01 00:00:00,78,5.0,0,0,1.4229,0.9649,0.89,-0.4357,0.4744,8.4,8.0,-0.27
PSTG,13.24,PSTG170818P00002500,put,2017-08-18 00:00:00,2017-06-01 00:00:00,78,2.5,0,0,1.8875,-0.0095,0.2196,-0.1878,0.1553,0.05,0.0,-0.05
PSTG,13.24,PSTG170818C00002500,call,2017-08-18 00:00:00,2017-06-01 00:00:00,78,2.5,0,1,2.3743,0.9807,0.3235,-0.4393,0.2877,9.2,10.5,1.43
PSTG,13.24,PSTG180119P00022500,put,2018-01-19 00:00:00,2017-06-01 00:00:00,232,22.5,0,0,0.5737,-0.8231,4.2861,-0.3246,2.7396,9.7,9.3,-0.33
PSTG,13.24,PSTG180119C00022500,call,2018-01-19 00:00:00,2017-06-01 00:00:00,232,22.5,0,12,0.5036,0.1322,4.0262,-0.2462,2.2593,0.15,0.15,0.0
PSTG,13.24,PSTG180119P00020000,put,2018-01-19 00:00:00,2017-06-01 00:00:00,232,20.0,0,1,0.4895,-0.8045,5.3444,-0.2953,2.915,7.2,8.51,1.31
PSTG,13.24,PSTG180119C00020000,call,2018-01-19 00:00:00,2017-06-01 00:00:00,232,20.0,0,109,0.482,0.1902,5.3371,-0.2992,2.8662,0.15,0.25,0.1
PSTG,13.24,PSTG170915C00002500,call,2017-09-15 00:00:00,2017-06-01 00:00:00,106,2.5,0,0,2.3018,0.9753,0.3526,-0.4499,0.4132,11.0,10.5,-0.37
PSTG,13.24,PSTG170915P00002500,put,2017-09-15 00:00:00,2017-06-01 00:00:00,106,2.5,0,0,1.619,-0.0094,0.2195,-0.138,0.1809,0.05,0.0,-0.05
PSTG,13.24,PSTG170915C00005000,call,2017-09-15 00:00:00,2017-06-01 00:00:00,106,5.0,0,0,1.5144,0.9454,1.023,-0.5661,0.7886,8.6,8.0,-0.47
PSTG,13.24,PSTG170915C00007500,call,2017-09-15 00:00:00,2017-06-01 00:00:00,106,7.5,0,0,0.7647,0.9437,2.0755,-0.2959,0.8079,5.9,5.5,-0.27
PSTG,13.24,PSTG180119P00015000,put,2018-01-19 00:00:00,2017-06-01 00:00:00,232,15.0,0,70,0.4758,-0.5537,7.8706,-0.4208,4.1728,3.1,3.17,0.07
PSTG,13.24,PSTG170721C00017500,call,2017-07-21 00:00:00,2017-06-01 00:00:00,50,17.5,0,0,0.5247,0.0905,6.3424,-0.4201,0.799,0.1,0.0,-0.1
PSTG,13.24,PSTG180119P00012500,put,2018-01-19 00:00:00,2017-06-01 00:00:00,232,12.5,0,435,0.4688,-0.365,7.5957,-0.3965,3.9677,1.55,1.4,-0.15
PSTG,13.24,PSTG170616C00007500,call,2017-06-16 00:00:00,2017-06-01 00:00:00,15,7.5,0,74,2.0466,0.9427,2.0922,-2.1089,0.3083,4.6,5.7,1.1
PSTG,13.24,PSTG170616P00007500,put,2017-06-16 00:00:00,2017-06-01 00:00:00,15,7.5,0,414,1.5923,-0.0273,1.4702,-0.8948,0.1686,0.01,0.01,0.0
PSTG,13.24,PSTG170616C00010000,call,2017-06-16 00:00:00,2017-06-01 00:00:00,15,10.0,12,1339,0.9102,0.9468,4.4391,-0.8894,0.291,3.2,3.1,-0.07
PSTG,13.24,PSTG170616P00010000,put,2017-06-16 00:00:00,2017-06-01 00:00:00,15,10.0,0,27145,0.8781,-0.0478,4.2229,-0.7815,0.267,0.01,0.01,0.0
PSTG,13.24,PSTG170616P00012500,put,2017-06-16 00:00:00,2017-06-01 00:00:00,15,12.5,29,1401,0.4642,-0.2548,25.7661,-1.3311,0.8614,0.2,0.15,-0.05
PSTG,13.24,PSTG170616C00015000,call,2017-06-16 00:00:00,2017-06-01 00:00:00,15,15.0,0,170,0.544,0.141,15.3196,-1.0898,0.6001,0.1,0.06,-0.04
PSTG,13.24,PSTG170616P00015000,put,2017-06-16 00:00:00,2017-06-01 00:00:00,15,15.0,0,4,0.8024,-0.7535,14.648,-2.2566,0.8464,2.05,2.3,0.25
PSTG,13.24,PSTG170616C00017500,call,2017-06-16 00:00:00,2017-06-01 00:00:00,15,17.5,0,0,0.8247,0.0565,5.136,-0.8394,0.305,0.05,0.0,-0.05
PSTG,13.24,PSTG171117P00012500,put,2017-11-17 00:00:00,2017-06-01 00:00:00,169,12.5,0,6,0.46,-0.3654,9.0746,-0.4568,3.3876,1.25,2.0,0.75
PSTG,13.24,PSTG171117C00015000,call,2017-11-17 00:00:00,2017-06-01 00:00:00,169,15.0,0,277,0.4406,0.3965,9.7101,-0.4556,3.4723,0.75,1.0,0.25
PSTG,13.24,PSTG171117P00015000,put,2017-11-17 00:00:00,2017-06-01 00:00:00,169,15.0,0,0,0.4571,-0.5956,9.4081,-0.4647,3.4903,2.75,2.55,-0.2
PSTG,13.24,PSTG171117C00017500,call,2017-11-17 00:00:00,2017-06-01 00:00:00,169,17.5,0,4,0.4469,0.2232,7.4148,-0.3573,2.6894,0.32,0.32,0.0
PSTG,13.24,PSTG171117P00017500,put,2017-11-17 00:00:00,2017-06-01 00:00:00,169,17.5,0,0,0.4866,-0.7497,7.2541,-0.4023,2.8647,4.8,4.6,-0.2
PSTG,13.24,PSTG171117C00020000,call,2017-11-17 00:00:00,2017-06-01 00:00:00,169,20.0,0,0,0.4744,0.1329,5.025,-0.2726,1.9346,0.25,0.1,-0.15
PSTG,13.24,PSTG171117P00020000,put,2017-11-17 00:00:00,2017-06-01 00:00:00,169,20.0,0,0,0.5705,-0.8066,5.3371,-0.4049,2.4712,7.2,6.8,-0.33
PSTG,13.24,PSTG170616P00017500,put,2017-06-16 00:00:00,2017-06-01 00:00:00,15,17.5,0,0,1.0464,-0.8866,6.8425,-1.788,0.5156,4.4,4.2,-0.03
PSTG,13.24,PSTG170616C00020000,call,2017-06-16 00:00:00,2017-06-01 00:00:00,15,20.0,0,0,1.1192,0.0441,3.1075,-0.9351,0.2505,0.05,0.0,-0.05
PSTG,13.24,PSTG170616P00020000,put,2017-06-16 00:00:00,2017-06-01 00:00:00,15,20.0,0,0,1.5812,-0.87,4.9847,-2.98,0.5676,7.0,7.04,0.04
PSTG,13.24,PSTG180119C00015000,call,2018-01-19 00:00:00,2017-06-01 00:00:00,232,15.0,30,799,0.4605,0.4396,8.1125,-0.4163,4.1627,1.1,1.1,0.0
PSTG,13.24,PSTG170616P00005000,put,2017-06-16 00:00:00,2017-06-01 00:00:00,15,5.0,0,0,2.5757,-0.0167,0.6016,-0.9582,0.1116,0.05,0.0,-0.05
PSTG,13.24,PSTG170616C00005000,call,2017-06-16 00:00:00,2017-06-01 00:00:00,15,5.0,0,0,3.6774,0.9535,0.9869,-3.2076,0.2613,8.5,8.0,-0.37
PSTG,13.24,PSTG170616C00012500,call,2017-06-16 00:00:00,2017-06-01 00:00:00,15,12.5,256,7391,0.4154,0.7662,27.4879,-1.1455,0.8223,0.9,0.8,-0.1
PSTG,13.24,PSTG171117C00012500,call,2017-11-17 00:00:00,2017-06-01 00:00:00,169,12.5,0,257,0.4586,0.6346,9.1007,-0.464,3.3875,1.8,1.8,0.0
PSTG,13.24,PSTG170616P00002500,put,2017-06-16 00:00:00,2017-06-01 00:00:00,15,2.5,0,0,4.8965,-0.0148,0.2845,-1.6381,0.1003,0.1,0.0,-0.1
PSTG,13.24,PSTG180119P00010000,put,2018-01-19 00:00:00,2017-06-01 00:00:00,232,10.0,0,622,0.504,-0.1832,4.9865,-0.3021,2.8003,0.64,0.64,0.0
PSTG,13.24,PSTG180119C00010000,call,2018-01-19 00:00:00,2017-06-01 00:00:00,232,10.0,0,416,0.5372,0.8087,4.8055,-0.3376,2.8763,3.56,3.6,0.04
PSTG,13.24,PSTG180119P00007500,put,2018-01-19 00:00:00,2017-06-01 00:00:00,232,7.5,0,547,0.5888,-0.0737,2.2472,-0.1862,1.4743,0.25,0.3,0.05
PSTG,13.24,PSTG180119C00007500,call,2018-01-19 00:00:00,2017-06-01 00:00:00,232,7.5,0,60,0.6509,0.9127,2.31,-0.2391,1.6752,5.59,5.59,0.04
PSTG,13.24,PSTG180119C00005000,call,2018-01-19 00:00:00,2017-06-01 00:00:00,232,5.0,0,40,0.9289,0.9542,0.9799,-0.2059,1.0141,7.17,8.0,0.96
PSTG,13.24,PSTG171117C00002500,call,2017-11-17 00:00:00,2017-06-01 00:00:00,169,2.5,0,0,1.6098,0.9808,0.3225,-0.2021,0.4213,10.9,10.5,-0.27
PSTG,13.24,PSTG171117P00002500,put,2017-11-17 00:00:00,2017-06-01 00:00:00,169,2.5,0,0,1.2825,-0.0094,0.2194,-0.0865,0.2283,0.05,0.0,-0.05
PSTG,13.24,PSTG180119P00005000,put,2018-01-19 00:00:00,2017-06-01 00:00:00,232,5.0,0,10,0.7477,-0.0265,0.7784,-0.1042,0.6484,0.05,0.05,0.0
PSTG,13.24,PSTG171117P00005000,put,2017-11-17 00:00:00,2017-06-01 00:00:00,169,5.0,0,0,0.8759,-0.0266,0.7792,-0.1432,0.5539,0.1,0.0,-0.1
PSTG,13.24,PSTG171117C00007500,call,2017-11-17 00:00:00,2017-06-01 00:00:00,169,7.5,0,4,0.6905,0.9261,2.251,-0.262,1.2615,3.4,5.6,2.23
PSTG,13.24,PSTG171117P00007500,put,2017-11-17 00:00:00,2017-06-01 00:00:00,169,7.5,0,7,0.6014,-0.0552,2.0594,-0.1783,1.0052,0.11,0.11,0.0
PSTG,13.24,PSTG171117C00010000,call,2017-11-17 00:00:00,2017-06-01 00:00:00,169,10.0,2,168,0.5023,0.8402,5.3716,-0.3305,2.1899,3.63,3.66,0.03
PSTG,13.24,PSTG171117P00010000,put,2017-11-17 00:00:00,2017-06-01 00:00:00,169,10.0,0,59,0.4799,-0.1524,5.4496,-0.2997,2.1226,0.4,0.35,-0.05
PSTG,13.24,PSTG171117C00005000,call,2017-11-17 00:00:00,2017-06-01 00:00:00,169,5.0,0,0,1.1976,0.9456,1.0217,-0.3546,0.9931,8.6,8.0,-0.47
PSTG,13.24,PSTG180119C00012500,call,2018-01-19 00:00:00,2017-06-01 00:00:00,232,12.5,40,738,0.4789,0.6352,7.4336,-0.4136,3.9668,2.2,2.23,0.03
PSTG,13.24,PSTG180119C00015000,call,2018-01-19 00:00:00,2017-06-02 00:00:00,231,15.0,0,799,0.4615,0.4396,8.1124,-0.4181,4.1537,1.1,1.1,0.0
PSTG,13.24,PSTG170818P00022500,put,2017-08-18 00:00:00,2017-06-02 00:00:00,77,22.5,0,0,0.8369,-0.8822,3.8801,-0.6382,1.2008,9.5,9.2,-0.13
PSTG,13.24,PSTG180119P00012500,put,2018-01-19 00:00:00,2017-06-02 00:00:00,231,12.5,42,435,0.4698,-0.3651,7.5968,-0.3982,3.9592,1.45,1.4,-0.05
PSTG,13.24,PSTG180119P00015000,put,2018-01-19 00:00:00,2017-06-02 00:00:00,231,15.0,0,70,0.4528,-0.5643,8.2562,-0.3993,4.1472,3.0,3.17,0.17
PSTG,13.24,PSTG180119C00017500,call,2018-01-19 00:00:00,2017-06-02 00:00:00,231,17.5,0,585,0.4563,0.2801,7.0047,-0.3523,3.5462,0.61,0.55,-0.06
PSTG,13.24,PSTG180119P00017500,put,2018-01-19 00:00:00,2017-06-02 00:00:00,231,17.5,0,0,0.4752,-0.707,6.8715,-0.3628,3.6227,5.0,4.8,-0.2
PSTG,13.24,PSTG180119C00020000,call,2018-01-19 00:00:00,2017-06-02 00:00:00,231,20.0,0,109,0.4652,0.1774,5.3066,-0.2771,2.7387,0.15,0.25,0.1
PSTG,13.24,PSTG180119P00020000,put,2018-01-19 00:00:00,2017-06-02 00:00:00,231,20.0,0,1,0.4906,-0.8045,5.3444,-0.2966,2.9086,7.2,8.51,1.31
PSTG,13.24,PSTG170818C00020000,call,2017-08-18 00:00:00,2017-06-02 00:00:00,77,20.0,0,5,0.5646,0.0723,4.008,-0.3074,0.8367,0.1,0.25,0.15
PSTG,13.24,PSTG171117P00017500,put,2017-11-17 00:00:00,2017-06-02 00:00:00,168,17.5,0,0,0.488,-0.7497,7.254,-0.4047,2.8561,4.8,4.6,-0.2
PSTG,13.24,PSTG171117C00020000,call,2017-11-17 00:00:00,2017-06-02 00:00:00,168,20.0,0,0,0.4757,0.1328,5.0244,-0.2741,1.9284,0.25,0.1,-0.15
PSTG,13.24,PSTG171117P00020000,put,2017-11-17 00:00:00,2017-06-02 00:00:00,168,20.0,0,0,0.5297,-0.8327,5.2637,-0.3422,2.2494,7.1,6.8,-0.23
PSTG,13.24,PSTG170818C00015000,call,2017-08-18 00:00:00,2017-06-02 00:00:00,77,15.0,30,2627,0.4318,0.2989,13.2196,-0.5944,2.1109,0.39,0.4,0.01
PSTG,13.24,PSTG170818P00015000,put,2017-08-18 00:00:00,2017-06-02 00:00:00,77,15.0,0,41,0.4309,-0.7016,13.2376,-0.5823,2.1091,2.2,4.5,2.3
PSTG,13.24,PSTG170818P00017500,put,2017-08-18 00:00:00,2017-06-02 00:00:00,77,17.5,0,0,0.5419,-0.84,7.3851,-0.51,1.4798,4.5,4.2,-0.13
PSTG,13.24,PSTG180119C00012500,call,2018-01-19 00:00:00,2017-06-02 00:00:00,231,12.5,0,744,0.48,0.6352,7.4335,-0.4154,3.9582,2.2,2.23,0.03
PSTG,13.24,PSTG170818P00020000,put,2017-08-18 00:00:00,2017-06-02 00:00:00,77,20.0,0,0,0.7038,-0.8671,5.0186,-0.5843,1.3061,7.0,6.7,-0.13
PSTG,13.24,PSTG170818C00022500,call,2017-08-18 00:00:00,2017-06-02 00:00:00,77,22.5,0,0,0.6016,0.0376,2.2402,-0.195,0.4983,0.05,0.0,-0.05
PSTG,13.24,PSTG180119P00010000,put,2018-01-19 00:00:00,2017-06-02 00:00:00,231,10.0,0,622,0.487,-0.1782,5.0832,-0.2875,2.7466,0.6,0.64,0.04
PSTG,13.24,PSTG171117C00010000,call,2017-11-17 00:00:00,2017-06-02 00:00:00,168,10.0,1,166,0.5484,0.8273,5.1897,-0.3796,2.2961,3.56,3.66,0.1
PSTG,13.24,PSTG180119P00007500,put,2018-01-19 00:00:00,2017-06-02 00:00:00,231,7.5,0,547,0.5545,-0.0652,2.176,-0.1599,1.3385,0.2,0.3,0.1
PSTG,13.24,PSTG170915P00005000,put,2017-09-15 00:00:00,2017-06-02 00:00:00,105,5.0,0,0,0.9743,-0.0167,0.6014,-0.1369,0.2955,0.05,0.0,-0.05
PSTG,13.24,PSTG170915C00007500,call,2017-09-15 00:00:00,2017-06-02 00:00:00,105,7.5,0,0,0.8789,0.9255,2.2571,-0.423,1.0003,6.0,5.5,-0.37
PSTG,13.24,PSTG170915P00007500,put,2017-09-15 00:00:00,2017-06-02 00:00:00,105,7.5,0,1,0.6023,-0.0272,1.468,-0.1276,0.4459,0.05,0.05,0.0
PSTG,13.24,PSTG170915C00010000,call,2017-09-15 00:00:00,2017-06-02 00:00:00,105,10.0,18,113,0.6392,0.8395,5.3728,-0.5321,1.7316,3.39,3.48,0.09
PSTG,13.24,PSTG170915P00010000,put,2017-09-15 00:00:00,2017-06-02 00:00:00,105,10.0,0,4212,0.5123,-0.1227,5.5865,-0.3508,1.4432,0.25,0.2,-0.05
PSTG,13.24,PSTG170915C00012500,call,2017-09-15 00:00:00,2017-06-02 00:00:00,105,12.5,50,793,0.4704,0.6394,11.207,-0.6,2.6581,1.67,1.57,-0.1
PSTG,13.24,PSTG170915C00005000,call,2017-09-15 00:00:00,2017-06-02 00:00:00,105,5.0,0,0,1.6432,0.939,1.0342,-0.6731,0.8569,8.7,8.0,-0.57
PSTG,13.24,PSTG170915P00012500,put,2017-09-15 00:00:00,2017-06-02 00:00:00,105,12.5,0,69,0.47,-0.3605,11.2158,-0.591,2.658,0.95,0.96,0.01
PSTG,13.24,PSTG170915P00015000,put,2017-09-15 00:00:00,2017-06-02 00:00:00,105,15.0,0,0,0.4673,-0.6442,11.2278,-0.5812,2.6457,2.45,2.3,-0.15
PSTG,13.24,PSTG170818P00012500,put,2017-08-18 00:00:00,2017-06-02 00:00:00,77,12.5,0,1086,0.4157,-0.3448,14.5714,-0.6011,2.2399,0.64,0.6,-0.04
PSTG,13.24,PSTG170915C00017500,call,2017-09-15 00:00:00,2017-06-02 00:00:00,105,17.5,1,0,0.4923,0.1783,7.462,-0.4357,1.8523,0.3,0.15,-0.15
PSTG,13.24,PSTG170915P00017500,put,2017-09-15 00:00:00,2017-06-02 00:00:00,105,17.5,0,0,0.5198,-0.8048,7.4758,-0.4745,1.9593,4.6,4.4,-0.2
PSTG,13.24,PSTG170915C00020000,call,2017-09-15 00:00:00,2017-06-02 00:00:00,105,20.0,0,1,0.5291,0.0952,4.5069,-0.3037,1.2024,0.05,0.05,0.0
PSTG,13.24,PSTG170915P00020000,put,2017-09-15 00:00:00,2017-06-02 00:00:00,105,20.0,0,0,0.605,-0.8658,5.0332,-0.4298,1.5355,7.0,6.8,-0.13
PSTG,13.24,PSTG170915C00015000,call,2017-09-15 00:00:00,2017-06-02 00:00:00,105,15.0,63,701,0.4669,0.3556,11.2349,-0.5909,2.6452,0.65,0.65,0.0
PSTG,13.24,PSTG180119C00010000,call,2018-01-19 00:00:00,2017-06-02 00:00:00,231,10.0,0,416,0.503,0.8174,4.9978,-0.3084,2.789,3.56,3.6,0.04
PSTG,13.24,PSTG170915P00002500,put,2017-09-15 00:00:00,2017-06-02 00:00:00,105,2.5,0,0,1.6266,-0.0094,0.2195,-0.1393,0.18,0.05,0.0,-0.05
PSTG,13.24,PSTG171117C00002500,call,2017-11-17 00:00:00,2017-06-02 00:00:00,168,2.5,0,0,1.6144,0.9808,0.3224,-0.2032,0.42,10.9,10.5,-0.27
PSTG,13.24,PSTG180119C00007500,call,2018-01-19 00:00:00,2017-06-02 00:00:00,231,7.5,0,60,0.7095,0.9018,2.3172,-0.2841,1.824,5.59,5.59,0.04
PSTG,13.24,PSTG180119P00005000,put,2018-01-19 00:00:00,2017-06-02 00:00:00,231,5.0,0,10,0.6573,-0.0167,0.6003,-0.0621,0.4377,0.05,0.05,0.0
PSTG,13.24,PSTG180119C00005000,call,2018-01-19 00:00:00,2017-06-02 00:00:00,231,5.0,0,40,1.0229,0.9458,1.0205,-0.2591,1.158,7.17,8.0,0.96
PSTG,13.24,PSTG171117C00017500,call,2017-11-17 00:00:00,2017-06-02 00:00:00,168,17.5,0,4,0.4482,0.2232,7.4147,-0.3594,2.6814,0.32,0.32,0.0
PSTG,13.24,PSTG171117P00015000,put,2017-11-17 00:00:00,2017-06-02 00:00:00,168,15.0,0,0,0.4584,-0.5956,9.4085,-0.4675,3.4799,2.75,2.55,-0.2
PSTG,13.24,PSTG171117C00015000,call,2017-11-17 00:00:00,2017-06-02 00:00:00,168,15.0,10,277,0.4419,0.3965,9.7095,-0.4583,3.462,0.93,1.0,0.07
PSTG,13.24,PSTG170915C00002500,call,2017-09-15 00:00:00,2017-06-02 00:00:00,105,2.5,0,0,2.0447,0.9807,0.3231,-0.3258,0.3332,10.9,10.5,-0.27
PSTG,13.24,PSTG171117P00012500,put,2017-11-17 00:00:00,2017-06-02 00:00:00,168,12.5,0,6,0.4613,-0.3654,9.0752,-0.4596,3.3776,1.25,2.0,0.75
PSTG,13.24,PSTG171117P00010000,put,2017-11-17 00:00:00,2017-06-02 00:00:00,168,10.0,0,59,0.4812,-0.1523,5.45,-0.3014,2.116,0.4,0.35,-0.05
PSTG,13.24,PSTG171117P00007500,put,2017-11-17 00:00:00,2017-06-02 00:00:00,168,7.5,0,7,0.6031,-0.0552,2.0592,-0.1793,1.002,0.11,0.11,0.0
PSTG,13.24,PSTG171117C00007500,call,2017-11-17 00:00:00,2017-06-02 00:00:00,168,7.5,0,4,0.7668,0.9123,2.3134,-0.3307,1.4311,3.4,5.6,2.23
PSTG,13.24,PSTG171117P00005000,put,2017-11-17 00:00:00,2017-06-02 00:00:00,168,5.0,0,0,0.8785,-0.0266,0.7793,-0.1441,0.5524,0.1,0.0,-0.1
PSTG,13.24,PSTG171117C00005000,call,2017-11-17 00:00:00,2017-06-02 00:00:00,168,5.0,0,0,0.9655,0.9653,0.8845,-0.201,0.689,8.4,8.0,-0.27
PSTG,13.24,PSTG171117P00002500,put,2017-11-17 00:00:00,2017-06-02 00:00:00,168,2.5,0,0,1.4641,-0.0148,0.2843,-0.1461,0.3358,0.1,0.0,-0.1
PSTG,13.24,PSTG171117C00012500,call,2017-11-17 00:00:00,2017-06-02 00:00:00,168,12.5,0,257,0.46,0.6346,9.1004,-0.4668,3.3775,1.8,1.8,0.0
PSTG,13.24,PSTG170818C00012500,call,2017-08-18 00:00:00,2017-06-02 00:00:00,77,12.5,65,1943,0.4172,0.6549,14.5225,-0.6121,2.2406,1.35,1.31,-0.04
PSTG,13.24,PSTG170818C00017500,call,2017-08-18 00:00:00,2017-06-02 00:00:00,77,17.5,0,6,0.4681,0.1175,6.9235,-0.3652,1.1983,0.05,0.05,0.0
PSTG,13.24,PSTG170818C00010000,call,2017-08-18 00:00:00,2017-06-02 00:00:00,77,10.0,32,389,0.6018,0.8761,5.5917,-0.4918,1.2443,3.26,3.1,-0.13
PSTG,13.24,PSTG170616P00005000,put,2017-06-16 00:00:00,2017-06-02 00:00:00,14,5.0,0,0,2.6672,-0.0168,0.6022,-1.0286,0.108,0.05,0.0,-0.05
PSTG,13.24,PSTG170616C00007500,call,2017-06-16 00:00:00,2017-06-02 00:00:00,14,7.5,4,74,2.4178,0.9247,2.2652,-3.184,0.3681,5.7,5.7,0.0
PSTG,13.24,PSTG170616P00007500,put,2017-06-16 00:00:00,2017-06-02 00:00:00,14,7.5,0,414,1.648,-0.0272,1.4699,-0.9583,0.1628,0.01,0.01,0.0
PSTG,13.24,PSTG170616C00010000,call,2017-06-16 00:00:00,2017-06-02 00:00:00,14,10.0,3,1339,1.2146,0.9031,5.4465,-1.9353,0.4446,3.3,3.1,-0.17
PSTG,13.24,PSTG170616P00010000,put,2017-06-16 00:00:00,2017-06-02 00:00:00,14,10.0,0,27145,0.9087,-0.0478,4.2211,-0.8364,0.2578,0.01,0.01,0.0
PSTG,13.24,PSTG170616C00012500,call,2017-06-16 00:00:00,2017-06-02 00:00:00,14,12.5,1071,7230,0.491,0.7413,25.419,-1.4773,0.8387,0.85,0.8,-0.05
PSTG,13.24,PSTG170616P00012500,put,2017-06-16 00:00:00,2017-06-02 00:00:00,14,12.5,16,1415,0.5394,-0.2748,23.8541,-1.664,0.8648,0.15,0.15,0.0
PSTG,13.24,PSTG170616C00015000,call,2017-06-16 00:00:00,2017-06-02 00:00:00,14,15.0,10,170,0.5631,0.141,15.3184,-1.1674,0.5797,0.06,0.06,0.0
PSTG,13.24,PSTG170616P00015000,put,2017-06-16 00:00:00,2017-06-02 00:00:00,14,15.0,0,4,0.8907,-0.7349,14.1857,-2.6946,0.8492,2.1,2.3,0.2
PSTG,13.24,PSTG170616C00017500,call,2017-06-16 00:00:00,2017-06-02 00:00:00,14,17.5,0,0,0.8537,0.0565,5.1361,-0.8994,0.2947,0.05,0.0,-0.05
PSTG,13.24,PSTG170616P00017500,put,2017-06-16 00:00:00,2017-06-02 00:00:00,14,17.5,0,0,1.083,-0.8867,6.8417,-1.9159,0.498,4.4,4.2,-0.03
PSTG,13.24,PSTG170616C00020000,call,2017-06-16 00:00:00,2017-06-02 00:00:00,14,20.0,0,0,1.1581,0.0441,3.105,-1.0005,0.2417,0.05,0.0,-0.05
PSTG,13.24,PSTG170616P00020000,put,2017-06-16 00:00:00,2017-06-02 00:00:00,14,20.0,0,0,1.432,-0.9083,4.4343,-2.1707,0.4268,6.9,7.04,0.14
PSTG,13.24,PSTG170721C00012500,call,2017-07-21 00:00:00,2017-06-02 00:00:00,49,12.5,10,242,0.4393,0.67,16.996,-0.7927,1.7567,1.19,1.05,-0.14
PSTG,13.24,PSTG170721P00012500,put,2017-07-21 00:00:00,2017-06-02 00:00:00,49,12.5,0,52,0.436,-0.3292,17.1067,-0.7776,1.7551,0.45,0.43,-0.02
PSTG,13.24,PSTG170721C00015000,call,2017-07-21 00:00:00,2017-06-02 00:00:00,49,15.0,0,71,0.449,0.25,14.5912,-0.7084,1.5415,0.2,0.22,0.02
PSTG,13.24,PSTG170721P00015000,put,2017-07-21 00:00:00,2017-06-02 00:00:00,49,15.0,0,0,0.4778,-0.7335,14.172,-0.7688,1.5933,2.1,1.96,-0.14
PSTG,13.24,PSTG170721C00017500,call,2017-07-21 00:00:00,2017-06-02 00:00:00,49,17.5,0,0,0.5301,0.0905,6.3422,-0.4286,0.791,0.1,0.0,-0.1
PSTG,13.24,PSTG170721P00017500,put,2017-07-21 00:00:00,2017-06-02 00:00:00,49,17.5,0,0,0.8957,-0.7533,7.262,-1.3889,1.5305,4.8,4.2,-0.43
PSTG,13.24,PSTG170721C00020000,call,2017-07-21 00:00:00,2017-06-02 00:00:00,49,20.0,0,0,0.6187,0.0441,3.1081,-0.2861,0.4525,0.05,0.0,-0.05
PSTG,13.24,PSTG170721P00020000,put,2017-07-21 00:00:00,2017-06-02 00:00:00,49,20.0,0,0,0.771,-0.9062,4.476,-0.6259,0.812,6.9,6.7,-0.03
PSTG,13.24,PSTG170616C00005000,call,2017-06-16 00:00:00,2017-06-02 00:00:00,14,5.0,0,0,3.8071,0.9534,0.987,-3.4381,0.2525,8.5,8.0,-0.37
PSTG,13.24,PSTG170616C00002500,call,2017-06-16 00:00:00,2017-06-02 00:00:00,14,2.5,0,0,6.3416,0.9752,0.3531,-3.4114,0.1505,11.0,10.5,-0.37
PSTG,13.24,PSTG170616P00002500,put,2017-06-16 00:00:00,2017-06-02 00:00:00,14,2.5,0,0,5.069,-0.0148,0.2846,-1.7558,0.097,0.1,0.0,-0.1
PSTG,13.24,PSTG170721C00010000,call,2017-07-21 00:00:00,2017-06-02 00:00:00,49,10.0,0,56,0.6466,0.904,5.4311,-0.5511,0.8263,3.3,3.3,0.0
PSTG,13.24,PSTG180119C00022500,call,2018-01-19 00:00:00,2017-06-02 00:00:00,231,22.5,0,12,0.4816,0.1173,3.8817,-0.2171,2.0739,0.15,0.15,0.0
PSTG,13.24,PSTG180119P00022500,put,2018-01-19 00:00:00,2017-06-02 00:00:00,231,22.5,0,0,0.5365,-0.8474,4.1737,-0.2743,2.4843,9.6,9.3,-0.23
PSTG,13.24,PSTG170818C00005000,call,2017-08-18 00:00:00,2017-06-02 00:00:00,77,5.0,0,0,1.432,0.9649,0.89,-0.4413,0.4713,8.4,8.0,-0.27
PSTG,13.24,PSTG170721P00010000,put,2017-07-21 00:00:00,2017-06-02 00:00:00,49,10.0,20,133,0.486,-0.0477,4.2163,-0.2387,0.4822,0.03,0.03,0.0
PSTG,13.24,PSTG170818P00010000,put,2017-08-18 00:00:00,2017-06-02 00:00:00,77,10.0,0,529,0.5096,-0.0937,5.3986,-0.3358,1.0174,0.1,0.1,0.0
PSTG,13.24,PSTG170818P00005000,put,2017-08-18 00:00:00,2017-06-02 00:00:00,77,5.0,0,0,1.1375,-0.0167,0.6017,-0.1868,0.2531,0.05,0.0,-0.05
PSTG,13.24,PSTG170818C00007500,call,2017-08-18 00:00:00,2017-06-02 00:00:00,77,7.5,0,6,0.8991,0.9434,2.081,-0.4085,0.6919,4.51,5.5,1.12
PSTG,13.24,PSTG170818C00002500,call,2017-08-18 00:00:00,2017-06-02 00:00:00,77,2.5,0,1,2.3895,0.9807,0.3235,-0.445,0.2858,9.2,10.5,1.43
PSTG,13.24,PSTG170818P00007500,put,2017-08-18 00:00:00,2017-06-02 00:00:00,77,7.5,0,37,0.703,-0.0272,1.4682,-0.174,0.3817,0.05,0.05,0.0
PSTG,13.24,PSTG170721C00002500,call,2017-07-21 00:00:00,2017-06-02 00:00:00,49,2.5,0,0,2.9968,0.9807,0.3238,-0.6997,0.2283,10.9,10.5,-0.27
PSTG,13.24,PSTG170721P00002500,put,2017-07-21 00:00:00,2017-06-02 00:00:00,49,2.5,0,0,2.3804,-0.0094,0.2195,-0.2986,0.1229,0.05,0.0,-0.05
PSTG,13.24,PSTG170721C00005000,call,2017-07-21 00:00:00,2017-06-02 00:00:00,49,5.0,0,0,1.7975,0.9647,0.8917,-0.6948,0.3772,8.4,8.0,-0.27
PSTG,13.24,PSTG170721P00005000,put,2017-07-21 00:00:00,2017-06-02 00:00:00,49,5.0,0,0,1.4252,-0.0167,0.6013,-0.2931,0.2016,0.05,0.0,-0.05
PSTG,13.24,PSTG170721C00007500,call,2017-07-21 00:00:00,2017-06-02 00:00:00,49,7.5,0,1,1.1295,0.9431,2.0863,-0.6437,0.5545,5.28,5.5,0.35
PSTG,13.24,PSTG170721P00007500,put,2017-07-21 00:00:00,2017-06-02 00:00:00,49,7.5,0,0,1.35,-0.0812,2.2959,-1.0039,0.7293,0.3,0.0,-0.3
PSTG,13.24,PSTG170818P00002500,put,2017-08-18 00:00:00,2017-06-02 00:00:00,77,2.5,0,0,1.8997,-0.0095,0.2196,-0.1902,0.1543,0.05,0.0,-0.05
PSTG,13.22,PSTG170616P00020000,put,2017-06-16 00:00:00,2017-06-05 00:00:00,11,20.0,0,0,1.8089,-0.8773,4.8964,-3.8231,0.4663,7.0,7.04,0.04
PSTG,13.22,PSTG170915P00020000,put,2017-09-15 00:00:00,2017-06-05 00:00:00,102,20.0,0,0,0.602,-0.8728,4.9532,-0.417,1.4561,7.0,6.8,-0.13
PSTG,13.22,PSTG170915P00012500,put,2017-09-15 00:00:00,2017-06-05 00:00:00,102,12.5,0,69,0.4741,-0.3626,11.3202,-0.6052,2.6209,0.95,0.96,0.01
PSTG,13.22,PSTG170915C00015000,call,2017-09-15 00:00:00,2017-06-05 00:00:00,102,15.0,1,701,0.4572,0.345,11.5313,-0.5797,2.5747,0.65,0.65,0.0
PSTG,13.22,PSTG170915P00015000,put,2017-09-15 00:00:00,2017-06-05 00:00:00,102,15.0,0,0,0.469,-0.649,11.3121,-0.5882,2.5911,2.45,2.3,-0.15
PSTG,13.22,PSTG170915C00017500,call,2017-09-15 00:00:00,2017-06-05 00:00:00,102,17.5,0,1,0.5014,0.178,7.4362,-0.4491,1.821,0.3,0.15,-0.15
PSTG,13.22,PSTG170915P00017500,put,2017-09-15 00:00:00,2017-06-05 00:00:00,102,17.5,0,0,0.5187,-0.8114,7.4511,-0.4695,1.8875,4.6,4.4,-0.2
PSTG,13.22,PSTG170915C00020000,call,2017-09-15 00:00:00,2017-06-05 00:00:00,102,20.0,0,1,0.5384,0.0951,4.4967,-0.3129,1.1824,0.05,0.05,0.0
PSTG,13.22,PSTG170616C00020000,call,2017-06-16 00:00:00,2017-06-05 00:00:00,11,20.0,0,0,1.3107,0.044,3.0963,-1.2739,0.2136,0.05,0.0,-0.05
PSTG,13.22,PSTG170915C00012500,call,2017-09-15 00:00:00,2017-06-05 00:00:00,102,12.5,23,768,0.4822,0.6368,11.1364,-0.6245,2.6224,1.6,1.57,-0.03
PSTG,13.22,PSTG170616P00017500,put,2017-06-16 00:00:00,2017-06-05 00:00:00,11,17.5,0,0,1.3901,-0.8512,7.2712,-3.353,0.5321,4.5,4.2,-0.13
PSTG,13.22,PSTG170616C00002500,call,2017-06-16 00:00:00,2017-06-05 00:00:00,11,2.5,0,0,6.5079,0.9793,0.334,-3.3877,0.1144,10.9,10.5,-0.27
PSTG,13.22,PSTG170616P00015000,put,2017-06-16 00:00:00,2017-06-05 00:00:00,11,15.0,0,4,0.6805,-0.8437,15.3448,-1.6925,0.5497,1.9,2.3,0.4
PSTG,13.22,PSTG171117P00020000,put,2017-11-17 00:00:00,2017-06-05 00:00:00,165,20.0,0,0,0.5267,-0.8386,5.2264,-0.3347,2.1748,7.1,6.8,-0.23
PSTG,13.22,PSTG171117C00020000,call,2017-11-17 00:00:00,2017-06-05 00:00:00,165,20.0,0,0,0.4814,0.1327,5.0144,-0.2793,1.9071,0.25,0.1,-0.15
PSTG,13.22,PSTG171117P00017500,put,2017-11-17 00:00:00,2017-06-05 00:00:00,165,17.5,0,0,0.4869,-0.7548,7.2672,-0.4024,2.7957,4.8,4.6,-0.2
PSTG,13.22,PSTG171117C00017500,call,2017-11-17 00:00:00,2017-06-05 00:00:00,165,17.5,0,4,0.454,0.2229,7.3921,-0.3666,2.6516,0.32,0.32,0.0
PSTG,13.22,PSTG171117P00015000,put,2017-11-17 00:00:00,2017-06-05 00:00:00,165,15.0,0,0,0.4445,-0.6062,9.7374,-0.4533,3.4195,2.7,2.55,-0.15
PSTG,13.22,PSTG171117C00015000,call,2017-11-17 00:00:00,2017-06-05 00:00:00,165,15.0,0,282,0.4483,0.3957,9.6671,-0.4681,3.4239,0.93,1.0,0.07
PSTG,13.22,PSTG171117P00012500,put,2017-11-17 00:00:00,2017-06-05 00:00:00,165,12.5,0,6,0.4483,-0.3668,9.4484,-0.4505,3.3465,1.2,2.0,0.8
PSTG,13.22,PSTG171117C00012500,call,2017-11-17 00:00:00,2017-06-05 00:00:00,165,12.5,0,257,0.468,0.6327,9.0559,-0.4792,3.348,1.8,1.8,0.0
PSTG,13.22,PSTG171117P00010000,put,2017-11-17 00:00:00,2017-06-05 00:00:00,165,10.0,52,59,0.4842,-0.153,5.4891,-0.3064,2.0997,0.35,0.35,0.0
PSTG,13.22,PSTG171117C00010000,call,2017-11-17 00:00:00,2017-06-05 00:00:00,165,10.0,3,165,0.5161,0.8367,5.3738,-0.3478,2.1912,3.66,3.66,0.0
PSTG,13.22,PSTG171117P00007500,put,2017-11-17 00:00:00,2017-06-05 00:00:00,165,7.5,0,7,0.5524,-0.0432,1.8671,-0.1359,0.8148,0.1,0.11,0.01
PSTG,13.22,PSTG171117C00007500,call,2017-11-17 00:00:00,2017-06-05 00:00:00,165,7.5,0,4,0.7135,0.9227,2.283,-0.2825,1.2869,3.4,5.6,2.23
PSTG,13.22,PSTG171117P00005000,put,2017-11-17 00:00:00,2017-06-05 00:00:00,165,5.0,0,0,0.8854,-0.0266,0.7829,-0.1466,0.5476,0.1,0.0,-0.1
PSTG,13.22,PSTG171117C00005000,call,2017-11-17 00:00:00,2017-06-05 00:00:00,165,5.0,0,0,1.1255,0.952,0.9976,-0.3054,0.8871,8.5,8.0,-0.37
PSTG,13.22,PSTG171117P00002500,put,2017-11-17 00:00:00,2017-06-05 00:00:00,165,2.5,0,0,1.4763,-0.0148,0.2853,-0.1487,0.3328,0.1,0.0,-0.1
PSTG,13.22,PSTG171117C00002500,call,2017-11-17 00:00:00,2017-06-05 00:00:00,165,2.5,0,0,1.8806,0.9744,0.3563,-0.303,0.5294,11.0,10.5,-0.37
PSTG,13.22,PSTG170915P00010000,put,2017-09-15 00:00:00,2017-06-05 00:00:00,102,10.0,65,4212,0.518,-0.1233,5.6308,-0.3605,1.4245,0.2,0.2,0.0
PSTG,13.22,PSTG170616P00002500,put,2017-06-16 00:00:00,2017-06-05 00:00:00,11,2.5,0,0,5.7159,-0.0148,0.2858,-2.2349,0.086,0.1,0.0,-0.1
PSTG,13.22,PSTG170616C00005000,call,2017-06-16 00:00:00,2017-06-05 00:00:00,11,5.0,0,0,4.3793,0.9515,1.0021,-4.6039,0.231,8.5,8.0,-0.37
PSTG,13.22,PSTG170616P00005000,put,2017-06-16 00:00:00,2017-06-05 00:00:00,11,5.0,0,0,3.006,-0.0168,0.6053,-1.3093,0.0958,0.05,0.0,-0.05
PSTG,13.22,PSTG170616C00007500,call,2017-06-16 00:00:00,2017-06-05 00:00:00,11,7.5,0,71,2.4597,0.9384,2.1549,-3.1257,0.279,5.7,5.7,0.0
PSTG,13.22,PSTG170616P00007500,put,2017-06-16 00:00:00,2017-06-05 00:00:00,11,7.5,0,414,1.8555,-0.0273,1.4794,-1.2191,0.1445,0.01,0.01,0.0
PSTG,13.22,PSTG170616C00010000,call,2017-06-16 00:00:00,2017-06-05 00:00:00,11,10.0,30,1339,1.8322,0.8502,5.5427,-4.4598,0.5346,3.25,3.1,-0.12
PSTG,13.22,PSTG170616P00010000,put,2017-06-16 00:00:00,2017-06-05 00:00:00,11,10.0,0,27145,1.0216,-0.0481,4.2664,-1.0655,0.2294,0.01,0.01,0.0
PSTG,13.22,PSTG170616C00012500,call,2017-06-16 00:00:00,2017-06-05 00:00:00,11,12.5,100,7146,0.4353,0.7823,29.4676,-1.343,0.6752,0.85,0.8,-0.05
PSTG,13.22,PSTG170616P00012500,put,2017-06-16 00:00:00,2017-06-05 00:00:00,11,12.5,0,1415,0.4658,-0.2314,28.5127,-1.4787,0.6991,0.15,0.15,0.0
PSTG,13.22,PSTG170616C00015000,call,2017-06-16 00:00:00,2017-06-05 00:00:00,11,15.0,0,173,0.5291,0.0919,13.5906,-0.9117,0.3785,0.05,0.06,0.01
PSTG,13.22,PSTG170616C00017500,call,2017-06-16 00:00:00,2017-06-05 00:00:00,11,17.5,0,0,0.9674,0.0564,5.1093,-1.1453,0.2602,0.05,0.0,-0.05
PSTG,13.22,PSTG170915C00010000,call,2017-09-15 00:00:00,2017-06-05 00:00:00,102,10.0,1,104,0.5986,0.8514,5.5381,-0.4804,1.619,3.48,3.48,0.0
PSTG,13.22,PSTG170915P00005000,put,2017-09-15 00:00:00,2017-06-05 00:00:00,102,5.0,0,0,0.9872,-0.0168,0.6043,-0.1408,0.2913,0.05,0.0,-0.05
PSTG,13.22,PSTG170915C00007500,call,2017-09-15 00:00:00,2017-06-05 00:00:00,102,7.5,0,0,0.9102,0.9222,2.2881,-0.4581,1.0171,6.0,5.5,-0.37
PSTG,13.22,PSTG180119P00005000,put,2018-01-19 00:00:00,2017-06-05 00:00:00,228,5.0,0,10,0.6607,-0.0167,0.603,-0.0628,0.4349,0.05,0.05,0.0
PSTG,13.22,PSTG180119C00007500,call,2018-01-19 00:00:00,2017-06-05 00:00:00,228,7.5,0,60,0.6676,0.9101,2.3271,-0.2524,1.6959,5.59,5.59,0.04
PSTG,13.22,PSTG180119P00007500,put,2018-01-19 00:00:00,2017-06-05 00:00:00,228,7.5,0,547,0.5571,-0.0654,2.1884,-0.1619,1.331,0.2,0.3,0.1
PSTG,13.22,PSTG180119C00010000,call,2018-01-19 00:00:00,2017-06-05 00:00:00,228,10.0,0,416,0.5122,0.8148,4.9906,-0.3182,2.7906,3.56,3.6,0.04
PSTG,13.22,PSTG180119P00010000,put,2018-01-19 00:00:00,2017-06-05 00:00:00,228,10.0,0,622,0.5071,-0.1838,5.0186,-0.3068,2.7781,0.64,0.64,0.0
PSTG,13.22,PSTG180119C00012500,call,2018-01-19 00:00:00,2017-06-05 00:00:00,228,12.5,9,744,0.4864,0.6338,7.4046,-0.4235,3.9316,2.23,2.23,0.0
PSTG,13.22,PSTG180119C00005000,call,2018-01-19 00:00:00,2017-06-05 00:00:00,228,5.0,0,40,1.046,0.9442,1.029,-0.2722,1.175,7.17,8.0,0.96
PSTG,13.22,PSTG180119P00012500,put,2018-01-19 00:00:00,2017-06-05 00:00:00,228,12.5,13,402,0.471,-0.3666,7.6491,-0.4019,3.9332,1.4,1.4,0.0
PSTG,13.22,PSTG180119P00015000,put,2018-01-19 00:00:00,2017-06-05 00:00:00,228,15.0,0,70,0.4529,-0.5673,8.3095,-0.401,4.1088,3.0,3.17,0.17
PSTG,13.22,PSTG180119C00017500,call,2018-01-19 00:00:00,2017-06-05 00:00:00,228,17.5,0,585,0.475,0.2894,6.8899,-0.3743,3.5729,0.61,0.55,-0.06
PSTG,13.22,PSTG180119P00017500,put,2018-01-19 00:00:00,2017-06-05 00:00:00,228,17.5,0,0,0.4743,-0.7111,6.8953,-0.3614,3.57,5.0,4.8,-0.2
PSTG,13.22,PSTG180119C00020000,call,2018-01-19 00:00:00,2017-06-05 00:00:00,228,20.0,0,109,0.4875,0.19,5.328,-0.3046,2.8356,0.15,0.25,0.1
PSTG,13.22,PSTG180119P00020000,put,2018-01-19 00:00:00,2017-06-05 00:00:00,228,20.0,0,1,0.488,-0.8096,5.3286,-0.2915,2.8387,7.2,8.51,1.31
PSTG,13.22,PSTG170915P00007500,put,2017-09-15 00:00:00,2017-06-05 00:00:00,102,7.5,0,1,0.6096,-0.0273,1.476,-0.131,0.4394,0.05,0.05,0.0
PSTG,13.22,PSTG180119C00015000,call,2018-01-19 00:00:00,2017-06-05 00:00:00,228,15.0,0,799,0.4667,0.4389,8.0847,-0.4247,4.1193,1.1,1.1,0.0
PSTG,13.22,PSTG170818P00022500,put,2017-08-18 00:00:00,2017-06-05 00:00:00,74,22.5,0,0,0.8381,-0.8886,3.8031,-0.625,1.1292,9.5,9.2,-0.13
PSTG,13.22,PSTG170818C00022500,call,2017-08-18 00:00:00,2017-06-05 00:00:00,74,22.5,0,0,0.6153,0.0376,2.2376,-0.2031,0.4878,0.05,0.0,-0.05
PSTG,13.22,PSTG170818P00020000,put,2017-08-18 00:00:00,2017-06-05 00:00:00,74,20.0,0,0,0.7038,-0.8742,4.9361,-0.5727,1.2309,7.0,6.7,-0.13
PSTG,13.22,PSTG170818C00002500,call,2017-08-18 00:00:00,2017-06-05 00:00:00,74,2.5,0,1,2.5055,0.9794,0.3334,-0.5024,0.2959,9.2,10.5,1.43
PSTG,13.22,PSTG170818P00002500,put,2017-08-18 00:00:00,2017-06-05 00:00:00,74,2.5,0,0,1.9363,-0.0095,0.2205,-0.1978,0.1512,0.05,0.0,-0.05
PSTG,13.22,PSTG170818C00005000,call,2017-08-18 00:00:00,2017-06-05 00:00:00,74,5.0,0,0,1.685,0.9517,1.0003,-0.6827,0.5971,8.5,8.0,-0.37
PSTG,13.22,PSTG170818P00005000,put,2017-08-18 00:00:00,2017-06-05 00:00:00,74,5.0,0,0,1.1589,-0.0168,0.6045,-0.1942,0.2482,0.05,0.0,-0.05
PSTG,13.22,PSTG170818C00007500,call,2017-08-18 00:00:00,2017-06-05 00:00:00,74,7.5,0,6,0.9443,0.9391,2.1452,-0.4625,0.7177,4.51,5.5,1.12
PSTG,13.22,PSTG170818P00007500,put,2017-08-18 00:00:00,2017-06-05 00:00:00,74,7.5,0,37,0.7156,-0.0273,1.4774,-0.1809,0.3746,0.05,0.05,0.0
PSTG,13.22,PSTG170818C00010000,call,2017-08-18 00:00:00,2017-06-05 00:00:00,74,10.0,6,369,0.5421,0.8976,5.5351,-0.3952,1.063,3.2,3.1,-0.07
PSTG,13.22,PSTG170818P00010000,put,2017-08-18 00:00:00,2017-06-05 00:00:00,74,10.0,0,529,0.4637,-0.0744,5.0967,-0.2616,0.8373,0.1,0.1,0.0
PSTG,13.22,PSTG170818C00012500,call,2017-08-18 00:00:00,2017-06-05 00:00:00,74,12.5,13,1913,0.4316,0.651,14.4023,-0.6473,2.2025,1.32,1.31,-0.01
PSTG,13.22,PSTG170818P00012500,put,2017-08-18 00:00:00,2017-06-05 00:00:00,74,12.5,0,1086,0.4209,-0.3472,14.7421,-0.6215,2.1982,0.64,0.6,-0.04
PSTG,13.22,PSTG170818C00015000,call,2017-08-18 00:00:00,2017-06-05 00:00:00,74,15.0,10,2645,0.419,0.2834,13.5785,-0.5729,2.0155,0.4,0.4,0.0
PSTG,13.22,PSTG170818P00015000,put,2017-08-18 00:00:00,2017-06-05 00:00:00,74,15.0,0,41,0.4325,-0.7084,13.3311,-0.5891,2.0427,2.2,4.5,2.3
PSTG,13.22,PSTG170818C00017500,call,2017-08-18 00:00:00,2017-06-05 00:00:00,74,17.5,0,6,0.4795,0.1173,6.8953,-0.3805,1.1714,0.15,0.05,-0.1
PSTG,13.22,PSTG170818P00017500,put,2017-08-18 00:00:00,2017-06-05 00:00:00,74,17.5,0,0,0.5407,-0.8481,7.3061,-0.5007,1.3997,4.5,4.2,-0.13
PSTG,13.22,PSTG170818C00020000,call,2017-08-18 00:00:00,2017-06-05 00:00:00,74,20.0,0,5,0.5777,0.0722,3.9987,-0.3201,0.8185,0.1,0.25,0.15
PSTG,13.22,PSTG170721C00020000,call,2017-07-21 00:00:00,2017-06-05 00:00:00,46,20.0,0,0,0.6405,0.044,3.0981,-0.3046,0.437,0.05,0.0,-0.05
PSTG,13.22,PSTG170721P00017500,put,2017-07-21 00:00:00,2017-06-05 00:00:00,46,17.5,0,0,0.6832,-0.8494,7.2913,-0.804,1.0971,4.5,4.2,-0.13
PSTG,13.22,PSTG170721P00020000,put,2017-07-21 00:00:00,2017-06-05 00:00:00,46,20.0,0,0,0.7713,-0.9153,4.2885,-0.5978,0.7285,6.9,6.7,-0.03
PSTG,13.22,PSTG170721P00015000,put,2017-07-21 00:00:00,2017-06-05 00:00:00,46,15.0,2,0,0.4496,-0.7611,14.699,-0.7029,1.4553,1.96,1.96,0.0
PSTG,13.22,PSTG170915C00005000,call,2017-09-15 00:00:00,2017-06-05 00:00:00,102,5.0,0,0,1.2775,0.9623,0.9191,-0.3621,0.5734,8.4,8.0,-0.27
PSTG,13.22,PSTG170721C00017500,call,2017-07-21 00:00:00,2017-06-05 00:00:00,46,17.5,0,0,0.4726,0.0564,5.1145,-0.274,0.5324,0.05,0.0,-0.05
PSTG,13.22,PSTG180119P00022500,put,2018-01-19 00:00:00,2017-06-05 00:00:00,228,22.5,0,0,0.5329,-0.8527,4.136,-0.2669,2.4062,9.6,9.3,-0.23
PSTG,13.22,PSTG170721C00002500,call,2017-07-21 00:00:00,2017-06-05 00:00:00,46,2.5,0,0,3.1799,0.9793,0.3337,-0.8092,0.2337,10.9,10.5,-0.27
PSTG,13.22,PSTG180119C00022500,call,2018-01-19 00:00:00,2017-06-05 00:00:00,228,22.5,0,12,0.5093,0.1322,4.0218,-0.2507,2.2359,0.15,0.15,0.0
PSTG,13.22,PSTG170721P00002500,put,2017-07-21 00:00:00,2017-06-05 00:00:00,46,2.5,0,0,2.4567,-0.0095,0.2207,-0.3188,0.1194,0.05,0.0,-0.05
PSTG,13.22,PSTG170915P00002500,put,2017-09-15 00:00:00,2017-06-05 00:00:00,102,2.5,0,0,1.6495,-0.0095,0.2204,-0.1435,0.1776,0.05,0.0,-0.05
PSTG,13.22,PSTG170721C00005000,call,2017-07-21 00:00:00,2017-06-05 00:00:00,46,5.0,0,0,2.1389,0.9516,1.0011,-1.0993,0.4716,8.5,8.0,-0.37
PSTG,13.22,PSTG170721C00007500,call,2017-07-21 00:00:00,2017-06-05 00:00:00,46,7.5,0,1,1.2001,0.9387,2.1498,-0.7457,0.5682,5.28,5.5,0.35
PSTG,13.22,PSTG170721P00007500,put,2017-07-21 00:00:00,2017-06-05 00:00:00,46,7.5,0,0,0.9075,-0.0273,1.4785,-0.2912,0.2955,0.05,0.0,-0.05
PSTG,13.22,PSTG170721C00010000,call,2017-07-21 00:00:00,2017-06-05 00:00:00,46,10.0,0,56,0.6895,0.8969,5.5452,-0.6369,0.842,3.3,3.3,0.0
PSTG,13.22,PSTG170721P00010000,put,2017-07-21 00:00:00,2017-06-05 00:00:00,46,10.0,0,123,0.4997,-0.048,4.2602,-0.2542,0.4689,0.03,0.03,0.0
PSTG,13.22,PSTG170721C00012500,call,2017-07-21 00:00:00,2017-06-05 00:00:00,46,12.5,17,242,0.4612,0.6649,16.8348,-0.8624,1.7099,1.16,1.05,-0.11
PSTG,13.22,PSTG170721P00012500,put,2017-07-21 00:00:00,2017-06-05 00:00:00,46,12.5,0,52,0.4459,-0.3318,17.343,-0.8223,1.7032,0.45,0.43,-0.02
PSTG,13.22,PSTG170721C00015000,call,2017-07-21 00:00:00,2017-06-05 00:00:00,46,15.0,2,71,0.4324,0.2284,14.9052,-0.6691,1.4194,0.19,0.22,0.03
PSTG,13.22,PSTG170721P00005000,put,2017-07-21 00:00:00,2017-06-05 00:00:00,46,5.0,0,0,1.4694,-0.0168,0.6045,-0.3123,0.1956,0.05,0.0,-0.05
PSTG,13.22,PSTG170915C00002500,call,2017-09-15 00:00:00,2017-06-05 00:00:00,102,2.5,0,0,2.3937,0.9744,0.3567,-0.4906,0.4169,11.0,10.5,-0.37
PSTG,13.13,PSTG180119C00005000,call,2018-01-19 00:00:00,2017-06-06 00:00:00,227,5.0,0,40,1.1177,0.938,1.0567,-0.3143,1.2662,7.17,8.0,0.96
PSTG,13.13,PSTG171117P00012500,put,2017-11-17 00:00:00,2017-06-06 00:00:00,164,12.5,0,6,0.4546,-0.3755,9.481,-0.4585,3.3386,1.25,2.0,0.75
PSTG,13.13,PSTG171117P00010000,put,2017-11-17 00:00:00,2017-06-06 00:00:00,164,10.0,26,111,0.479,-0.1557,5.6698,-0.3056,2.1038,0.35,0.35,0.0
PSTG,13.13,PSTG171117P00015000,put,2017-11-17 00:00:00,2017-06-06 00:00:00,164,15.0,0,0,0.4591,-0.6084,9.5059,-0.4659,3.3807,2.8,2.55,-0.25
PSTG,13.13,PSTG171117C00015000,call,2017-11-17 00:00:00,2017-06-06 00:00:00,164,15.0,10,282,0.4601,0.3921,9.4901,-0.4772,3.3818,0.95,1.0,0.05
PSTG,13.13,PSTG171117C00012500,call,2017-11-17 00:00:00,2017-06-06 00:00:00,164,12.5,0,257,0.4714,0.6244,9.1441,-0.4842,3.3389,1.8,1.8,0.0
PSTG,13.13,PSTG180119P00005000,put,2018-01-19 00:00:00,2017-06-06 00:00:00,227,5.0,0,10,0.6588,-0.017,0.6167,-0.063,0.4356,0.05,0.05,0.0
PSTG,13.13,PSTG180119C00007500,call,2018-01-19 00:00:00,2017-06-06 00:00:00,227,7.5,0,60,0.6584,0.9101,2.3808,-0.2478,1.6806,5.59,5.59,0.04
PSTG,13.13,PSTG180119C00015000,call,2018-01-19 00:00:00,2017-06-06 00:00:00,227,15.0,0,799,0.4651,0.4304,8.1574,-0.4198,4.0678,1.1,1.1,0.0
PSTG,13.13,PSTG180119C00010000,call,2018-01-19 00:00:00,2017-06-06 00:00:00,227,10.0,0,416,0.5392,0.8042,4.9507,-0.3445,2.862,3.56,3.6,0.04
PSTG,13.13,PSTG180119P00010000,put,2018-01-19 00:00:00,2017-06-06 00:00:00,227,10.0,0,622,0.5022,-0.1869,5.1651,-0.3055,2.7811,0.64,0.64,0.0
PSTG,13.13,PSTG180119C00012500,call,2018-01-19 00:00:00,2017-06-06 00:00:00,227,12.5,0,750,0.4892,0.6272,7.4724,-0.4264,3.9191,2.23,2.23,0.0
PSTG,13.13,PSTG180119P00012500,put,2018-01-19 00:00:00,2017-06-06 00:00:00,227,12.5,0,407,0.4635,-0.3739,7.8932,-0.3961,3.9227,1.4,1.4,0.0
PSTG,13.13,PSTG180119P00015000,put,2018-01-19 00:00:00,2017-06-06 00:00:00,227,15.0,0,70,0.4659,-0.5692,8.1445,-0.4103,4.0684,3.1,3.17,0.07
PSTG,13.13,PSTG180119C00017500,call,2018-01-19 00:00:00,2017-06-06 00:00:00,227,17.5,12,585,0.4691,0.2785,6.9116,-0.3612,3.4762,0.55,0.55,0.0
PSTG,13.13,PSTG180119P00017500,put,2018-01-19 00:00:00,2017-06-06 00:00:00,227,17.5,0,0,0.4567,-0.7302,6.9898,-0.3343,3.4227,5.0,4.8,-0.2
PSTG,13.13,PSTG180119C00020000,call,2018-01-19 00:00:00,2017-06-06 00:00:00,227,20.0,0,109,0.4766,0.1768,5.2574,-0.2833,2.6862,0.15,0.25,0.1
PSTG,13.13,PSTG180119P00020000,put,2018-01-19 00:00:00,2017-06-06 00:00:00,227,20.0,0,1,0.4987,-0.8077,5.294,-0.2986,2.8304,7.3,8.51,1.21
PSTG,13.13,PSTG171117P00020000,put,2017-11-17 00:00:00,2017-06-06 00:00:00,164,20.0,0,0,0.4905,-0.867,4.9789,-0.2702,1.8915,7.1,6.8,-0.23
PSTG,13.13,PSTG171117C00020000,call,2017-11-17 00:00:00,2017-06-06 00:00:00,164,20.0,0,0,0.4892,0.1322,4.9712,-0.282,1.8839,0.25,0.1,-0.15
PSTG,13.13,PSTG171117P00017500,put,2017-11-17 00:00:00,2017-06-06 00:00:00,164,17.5,0,0,0.4629,-0.7785,7.296,-0.3589,2.6161,4.8,4.6,-0.2
PSTG,13.13,PSTG171117C00017500,call,2017-11-17 00:00:00,2017-06-06 00:00:00,164,17.5,0,4,0.463,0.2216,7.2957,-0.371,2.6165,0.32,0.32,0.0
PSTG,13.13,PSTG180119P00007500,put,2018-01-19 00:00:00,2017-06-06 00:00:00,227,7.5,0,547,0.5539,-0.0663,2.2448,-0.1619,1.3331,0.2,0.3,0.1
PSTG,13.13,PSTG171117C00010000,call,2017-11-17 00:00:00,2017-06-06 00:00:00,164,10.0,0,165,0.5511,0.8225,5.3626,-0.3895,2.2892,3.66,3.66,0.0
PSTG,13.13,PSTG170818P00017500,put,2017-08-18 00:00:00,2017-06-06 00:00:00,73,17.5,0,0,0.482,-0.8893,6.6744,-0.3551,1.1091,4.5,4.2,-0.13
PSTG,13.13,PSTG171117C00007500,call,2017-11-17 00:00:00,2017-06-06 00:00:00,164,7.5,0,4,0.7763,0.9096,2.384,-0.3433,1.4335,3.4,5.6,2.23
PSTG,13.13,PSTG170721P00005000,put,2017-07-21 00:00:00,2017-06-06 00:00:00,45,5.0,0,0,1.4778,-0.017,0.6179,-0.3185,0.1941,0.05,0.0,-0.05
PSTG,13.13,PSTG170721C00007500,call,2017-07-21 00:00:00,2017-06-06 00:00:00,45,7.5,0,1,1.1856,0.9399,2.1816,-0.7287,0.5497,5.28,5.5,0.35
PSTG,13.13,PSTG170721P00007500,put,2017-07-21 00:00:00,2017-06-06 00:00:00,45,7.5,0,0,0.9094,-0.0278,1.5226,-0.2971,0.2943,0.05,0.0,-0.05
PSTG,13.13,PSTG170721C00010000,call,2017-07-21 00:00:00,2017-06-06 00:00:00,45,10.0,0,56,0.7849,0.8701,5.842,-0.8554,0.9744,3.3,3.3,0.0
PSTG,13.13,PSTG170721P00010000,put,2017-07-21 00:00:00,2017-06-06 00:00:00,45,10.0,0,123,0.4959,-0.0492,4.4525,-0.2581,0.4692,0.03,0.03,0.0
PSTG,13.13,PSTG170721C00012500,call,2017-07-21 00:00:00,2017-06-06 00:00:00,45,12.5,19,247,0.4425,0.654,18.0807,-0.8412,1.7003,1.05,1.05,0.0
PSTG,13.13,PSTG170721C00005000,call,2017-07-21 00:00:00,2017-06-06 00:00:00,45,5.0,0,0,2.335,0.9439,1.0505,-1.3552,0.5213,8.5,8.0,-0.37
PSTG,13.13,PSTG170721P00012500,put,2017-07-21 00:00:00,2017-06-06 00:00:00,45,12.5,61,52,0.433,-0.344,18.4397,-0.8129,1.6967,0.43,0.43,0.0
PSTG,13.13,PSTG170721P00015000,put,2017-07-21 00:00:00,2017-06-06 00:00:00,45,15.0,0,2,0.4407,-0.7827,14.4731,-0.6553,1.3555,1.96,1.96,0.0
PSTG,13.13,PSTG170721C00017500,call,2017-07-21 00:00:00,2017-06-06 00:00:00,45,17.5,0,0,0.4875,0.0558,5.0061,-0.2815,0.5187,0.05,0.0,-0.05
PSTG,13.13,PSTG170721P00017500,put,2017-07-21 00:00:00,2017-06-06 00:00:00,45,17.5,0,0,0.6104,-0.891,6.6373,-0.5728,0.8609,4.5,4.2,-0.13
PSTG,13.13,PSTG170721C00020000,call,2017-07-21 00:00:00,2017-06-06 00:00:00,45,20.0,0,0,0.6569,0.0438,3.0636,-0.3126,0.4277,0.05,0.0,-0.05
PSTG,13.13,PSTG170721P00020000,put,2017-07-21 00:00:00,2017-06-06 00:00:00,45,20.0,0,0,0.8038,-0.9113,4.334,-0.6482,0.7403,7.0,6.7,-0.13
PSTG,13.13,PSTG170818C00002500,call,2017-08-18 00:00:00,2017-06-06 00:00:00,73,2.5,0,1,2.4818,0.9798,0.335,-0.4887,0.2866,9.2,10.5,1.43
PSTG,13.13,PSTG170721C00015000,call,2017-07-21 00:00:00,2017-06-06 00:00:00,45,15.0,20,73,0.4519,0.2242,14.3695,-0.6947,1.3798,0.22,0.22,0.0
PSTG,13.13,PSTG170721P00002500,put,2017-07-21 00:00:00,2017-06-06 00:00:00,45,2.5,0,0,2.475,-0.0096,0.2244,-0.3245,0.118,0.05,0.0,-0.05
PSTG,13.13,PSTG170721C00002500,call,2017-07-21 00:00:00,2017-06-06 00:00:00,45,2.5,0,0,3.1631,0.9798,0.3353,-0.7936,0.2254,10.8,10.5,-0.17
PSTG,13.13,PSTG170616P00020000,put,2017-06-16 00:00:00,2017-06-06 00:00:00,10,20.0,0,0,1.6922,-0.9135,4.2881,-2.8868,0.3425,7.0,7.04,0.04
PSTG,13.13,PSTG170616C00002500,call,2017-06-16 00:00:00,2017-06-06 00:00:00,10,2.5,0,0,7.5623,0.9745,0.3619,-4.8886,0.1292,10.9,10.5,-0.27
PSTG,13.13,PSTG170616P00002500,put,2017-06-16 00:00:00,2017-06-06 00:00:00,10,2.5,0,0,5.9784,-0.015,0.2908,-2.4542,0.0821,0.1,0.0,-0.1
PSTG,13.13,PSTG170616C00005000,call,2017-06-16 00:00:00,2017-06-06 00:00:00,10,5.0,0,0,4.9583,0.9437,1.0511,-6.1056,0.246,8.5,8.0,-0.37
PSTG,13.13,PSTG170616P00005000,put,2017-06-16 00:00:00,2017-06-06 00:00:00,10,5.0,0,0,3.1342,-0.017,0.6179,-1.4331,0.0914,0.05,0.0,-0.05
PSTG,13.13,PSTG170616C00007500,call,2017-06-16 00:00:00,2017-06-06 00:00:00,10,7.5,0,71,2.8664,0.9219,2.3442,-4.5526,0.3172,5.7,5.7,0.0
PSTG,13.13,PSTG170616P00007500,put,2017-06-16 00:00:00,2017-06-06 00:00:00,10,7.5,0,414,1.9287,-0.0278,1.5233,-1.3379,0.1387,0.01,0.01,0.0
PSTG,13.13,PSTG170616C00010000,call,2017-06-16 00:00:00,2017-06-06 00:00:00,10,10.0,98,1339,1.4351,0.8972,5.743,-2.799,0.389,3.1,3.1,0.03
PSTG,13.13,PSTG170616P00010000,put,2017-06-16 00:00:00,2017-06-06 00:00:00,10,10.0,1,27145,1.0513,-0.0492,4.4571,-1.163,0.2212,0.01,0.01,0.0
PSTG,13.13,PSTG170616C00012500,call,2017-06-16 00:00:00,2017-06-06 00:00:00,10,12.5,949,7119,0.6214,0.702,25.6731,-2.347,0.7531,0.8,0.8,0.0
PSTG,13.13,PSTG170616P00012500,put,2017-06-16 00:00:00,2017-06-06 00:00:00,10,12.5,16,1415,0.528,-0.2718,28.9224,-1.9013,0.7208,0.15,0.15,0.0
PSTG,13.13,PSTG170616C00015000,call,2017-06-16 00:00:00,2017-06-06 00:00:00,10,15.0,0,173,0.5775,0.0894,12.8722,-1.0148,0.3509,0.05,0.06,0.01
PSTG,13.13,PSTG170616P00015000,put,2017-06-16 00:00:00,2017-06-06 00:00:00,10,15.0,0,4,0.8488,-0.8098,14.7228,-2.4961,0.5899,2.05,2.3,0.25
PSTG,13.13,PSTG170616C00017500,call,2017-06-16 00:00:00,2017-06-06 00:00:00,10,17.5,0,0,1.0353,0.0558,5.0027,-1.2668,0.2445,0.05,0.0,-0.05
PSTG,13.13,PSTG170616P00017500,put,2017-06-16 00:00:00,2017-06-06 00:00:00,10,17.5,0,0,1.2856,-0.8932,6.5893,-2.5606,0.3999,4.5,4.2,-0.13
PSTG,13.13,PSTG170616C00020000,call,2017-06-16 00:00:00,2017-06-06 00:00:00,10,20.0,0,0,1.3947,0.0438,3.0625,-1.4071,0.2016,0.05,0.0,-0.05
PSTG,13.13,PSTG170818P00002500,put,2017-08-18 00:00:00,2017-06-06 00:00:00,73,2.5,0,0,1.944,-0.0096,0.2245,-0.2002,0.1505,0.05,0.0,-0.05
PSTG,13.13,PSTG171117P00007500,put,2017-11-17 00:00:00,2017-06-06 00:00:00,164,7.5,0,7,0.5493,-0.0438,1.9189,-0.1363,0.8165,0.1,0.11,0.01
PSTG,13.13,PSTG170818C00005000,call,2017-08-18 00:00:00,2017-06-06 00:00:00,73,5.0,0,0,1.9764,0.9376,1.0586,-0.9791,0.7213,8.6,8.0,-0.47
PSTG,13.13,PSTG170818C00007500,call,2017-08-18 00:00:00,2017-06-06 00:00:00,73,7.5,0,6,1.0574,0.9224,2.3387,-0.6218,0.8526,4.51,5.5,1.12
PSTG,13.13,PSTG170915C00010000,call,2017-09-15 00:00:00,2017-06-06 00:00:00,101,10.0,0,104,0.5871,0.8505,5.7382,-0.4723,1.607,3.48,3.48,0.0
PSTG,13.13,PSTG170915P00010000,put,2017-09-15 00:00:00,2017-06-06 00:00:00,101,10.0,26,4220,0.5127,-0.1257,5.8348,-0.3609,1.427,0.2,0.2,0.0
PSTG,13.13,PSTG170915C00012500,call,2017-09-15 00:00:00,2017-06-06 00:00:00,101,12.5,3,771,0.5063,0.6257,10.8378,-0.6606,2.6175,1.57,1.57,0.0
PSTG,13.13,PSTG170915P00012500,put,2017-09-15 00:00:00,2017-06-06 00:00:00,101,12.5,0,69,0.4637,-0.3721,11.8112,-0.5957,2.6124,0.95,0.96,0.01
PSTG,13.13,PSTG170915C00015000,call,2017-09-15 00:00:00,2017-06-06 00:00:00,101,15.0,4,701,0.4912,0.3507,10.9252,-0.6253,2.5601,0.65,0.65,0.0
PSTG,13.13,PSTG170915P00015000,put,2017-09-15 00:00:00,2017-06-06 00:00:00,101,15.0,0,0,0.4479,-0.6716,11.6828,-0.5459,2.4963,2.45,2.3,-0.15
PSTG,13.13,PSTG170915P00007500,put,2017-09-15 00:00:00,2017-06-06 00:00:00,101,7.5,0,1,0.8827,-0.075,2.3213,-0.4263,0.9774,0.05,0.05,0.0
PSTG,13.13,PSTG170915C00017500,call,2017-09-15 00:00:00,2017-06-06 00:00:00,101,17.5,10,1,0.4839,0.159,7.2493,-0.4021,1.6733,0.15,0.15,0.0
PSTG,13.13,PSTG170915C00020000,call,2017-09-15 00:00:00,2017-06-06 00:00:00,101,20.0,0,1,0.5484,0.0947,4.4525,-0.3169,1.1647,0.05,0.05,0.0
PSTG,13.13,PSTG170915P00020000,put,2017-09-15 00:00:00,2017-06-06 00:00:00,101,20.0,0,0,0.543,-0.9079,4.4039,-0.2937,1.1407,7.0,6.8,-0.13
PSTG,13.13,PSTG171117C00002500,call,2017-11-17 00:00:00,2017-06-06 00:00:00,164,2.5,0,0,1.8627,0.9746,0.361,-0.2971,0.5208,10.9,10.5,-0.27
PSTG,13.13,PSTG171117P00002500,put,2017-11-17 00:00:00,2017-06-06 00:00:00,164,2.5,0,0,1.2978,-0.0096,0.2245,-0.0892,0.2257,0.05,0.0,-0.05
PSTG,13.13,PSTG171117C00005000,call,2017-11-17 00:00:00,2017-06-06 00:00:00,164,5.0,0,0,1.1127,0.9524,1.0121,-0.2988,0.8723,8.4,8.0,-0.27
PSTG,13.13,PSTG171117P00005000,put,2017-11-17 00:00:00,2017-06-06 00:00:00,164,5.0,0,0,0.7748,-0.017,0.6172,-0.0873,0.3704,0.05,0.0,-0.05
PSTG,13.13,PSTG170915P00017500,put,2017-09-15 00:00:00,2017-06-06 00:00:00,101,17.5,0,0,0.4791,-0.844,7.2304,-0.3812,1.6525,4.6,4.4,-0.2
PSTG,13.13,PSTG170915C00007500,call,2017-09-15 00:00:00,2017-06-06 00:00:00,101,7.5,0,0,0.898,0.9227,2.3364,-0.4492,1.0008,5.9,5.5,-0.27
PSTG,13.13,PSTG170915P00005000,put,2017-09-15 00:00:00,2017-06-06 00:00:00,101,5.0,0,0,0.9865,-0.0169,0.6171,-0.1416,0.2904,0.05,0.0,-0.05
PSTG,13.13,PSTG170915C00005000,call,2017-09-15 00:00:00,2017-06-06 00:00:00,101,5.0,0,0,1.4206,0.9522,1.0141,-0.4861,0.6872,8.4,8.0,-0.27
PSTG,13.13,PSTG170818P00007500,put,2017-08-18 00:00:00,2017-06-06 00:00:00,73,7.5,0,37,0.7141,-0.0278,1.5213,-0.1829,0.3745,0.05,0.05,0.0
PSTG,13.13,PSTG170818C00010000,call,2017-08-18 00:00:00,2017-06-06 00:00:00,73,10.0,20,364,0.6149,0.8707,5.8379,-0.5268,1.2377,3.1,3.1,0.03
PSTG,13.13,PSTG170818P00010000,put,2017-08-18 00:00:00,2017-06-06 00:00:00,73,10.0,0,529,0.4587,-0.076,5.309,-0.2631,0.8396,0.1,0.1,0.0
PSTG,13.13,PSTG170818C00012500,call,2017-08-18 00:00:00,2017-06-06 00:00:00,73,12.5,111,1911,0.4609,0.6346,13.894,-0.7018,2.2079,1.31,1.31,0.0
PSTG,13.13,PSTG170818P00012500,put,2017-08-18 00:00:00,2017-06-06 00:00:00,73,12.5,5,1086,0.4092,-0.3583,15.5449,-0.6111,2.1932,0.6,0.6,0.0
PSTG,13.13,PSTG170818C00015000,call,2017-08-18 00:00:00,2017-06-06 00:00:00,73,15.0,90,2655,0.4345,0.2791,13.1738,-0.5896,1.9734,0.4,0.4,0.0
PSTG,13.13,PSTG170818P00015000,put,2017-08-18 00:00:00,2017-06-06 00:00:00,73,15.0,0,41,0.4282,-0.7248,13.2781,-0.5668,1.96,2.25,4.5,2.25
PSTG,13.13,PSTG170818C00017500,call,2017-08-18 00:00:00,2017-06-06 00:00:00,73,17.5,0,6,0.4919,0.1163,6.7734,-0.388,1.1487,0.05,0.05,0.0
PSTG,13.13,PSTG180119C00022500,call,2018-01-19 00:00:00,2017-06-06 00:00:00,227,22.5,0,12,0.4922,0.1171,3.858,-0.2216,2.0359,0.15,0.15,0.0
PSTG,13.13,PSTG170818C00020000,call,2017-08-18 00:00:00,2017-06-06 00:00:00,73,20.0,0,5,0.5157,0.0439,3.0681,-0.1931,0.5455,0.05,0.25,0.2
PSTG,13.13,PSTG170818P00020000,put,2017-08-18 00:00:00,2017-06-06 00:00:00,73,20.0,0,0,0.635,-0.9096,4.3698,-0.4031,0.9566,7.0,6.7,-0.13
PSTG,13.13,PSTG170818C00022500,call,2017-08-18 00:00:00,2017-06-06 00:00:00,73,22.5,0,0,0.6264,0.0375,2.2208,-0.2061,0.4796,0.05,0.0,-0.05
PSTG,13.13,PSTG170818P00022500,put,2017-08-18 00:00:00,2017-06-06 00:00:00,73,22.5,0,0,0.7618,-0.9206,3.3042,-0.4381,0.8678,9.5,9.2,-0.13
PSTG,13.13,PSTG170915C00002500,call,2017-09-15 00:00:00,2017-06-06 00:00:00,101,2.5,0,0,2.3758,0.9746,0.3613,-0.483,0.4095,10.9,10.5,-0.27
PSTG,13.13,PSTG170915P00002500,put,2017-09-15 00:00:00,2017-06-06 00:00:00,101,2.5,0,0,1.6525,-0.0096,0.2244,-0.1446,0.1769,0.05,0.0,-0.05
PSTG,13.13,PSTG170818P00005000,put,2017-08-18 00:00:00,2017-06-06 00:00:00,73,5.0,0,0,1.1604,-0.017,0.6177,-0.1962,0.2471,0.05,0.0,-0.05
PSTG,13.13,PSTG180119P00022500,put,2018-01-19 00:00:00,2017-06-06 00:00:00,227,22.5,0,0,0.4994,-0.8783,3.9062,-0.2156,2.0916,9.6,9.3,-0.23
